-- --------------------------------------------------------
-- Servidor:                     localhost
-- Versão do servidor:           10.1.8-MariaDB - mariadb.org binary distribution
-- OS do Servidor:               Win32
-- HeidiSQL Versão:              9.3.0.5014
-- --------------------------------------------------------

/*!40101 SET @OLD_CHARACTER_SET_CLIENT=@@CHARACTER_SET_CLIENT */;
/*!40101 SET NAMES utf8mb4 */;
/*!40014 SET @OLD_FOREIGN_KEY_CHECKS=@@FOREIGN_KEY_CHECKS, FOREIGN_KEY_CHECKS=0 */;
/*!40101 SET @OLD_SQL_MODE=@@SQL_MODE, SQL_MODE='NO_AUTO_VALUE_ON_ZERO' */;

-- Copiando estrutura para tabela _rolnews_2015.banco_fotos
DROP TABLE IF EXISTS `banco_fotos`;
CREATE TABLE IF NOT EXISTS `banco_fotos` (
  `id` int(11) NOT NULL AUTO_INCREMENT,
  `id_tipo` int(11) NOT NULL,
  `tipo` varchar(1) NOT NULL,
  `foto` varchar(255) NOT NULL,
  `data` timestamp NOT NULL DEFAULT CURRENT_TIMESTAMP,
  `ordem` int(11) DEFAULT NULL COMMENT 'Ordem das Fotos',
  PRIMARY KEY (`id`),
  KEY `id_tipo` (`id_tipo`),
  KEY `tipo` (`tipo`),
  KEY `nome` (`foto`)
) ENGINE=InnoDB DEFAULT CHARSET=utf8 COMMENT='Armazena as fotos selecionadas na opção mais fotos, dependendo do tipo.';

-- Copiando dados para a tabela _rolnews_2015.banco_fotos: ~0 rows (aproximadamente)
/*!40000 ALTER TABLE `banco_fotos` DISABLE KEYS */;
/*!40000 ALTER TABLE `banco_fotos` ENABLE KEYS */;


-- Copiando estrutura para tabela _rolnews_2015.banners
DROP TABLE IF EXISTS `banners`;
CREATE TABLE IF NOT EXISTS `banners` (
  `id` int(11) NOT NULL AUTO_INCREMENT,
  `titulo` varchar(250) DEFAULT NULL,
  `banner` varchar(100) DEFAULT NULL,
  `tipo` int(11) DEFAULT NULL,
  `link` varchar(255) DEFAULT NULL,
  `data_inicial` date DEFAULT NULL,
  `data_final` date DEFAULT NULL,
  `data_atual` timestamp NOT NULL DEFAULT CURRENT_TIMESTAMP,
  `qm_cadastr` int(9) DEFAULT NULL,
  `qm_alterou` int(9) DEFAULT NULL,
  PRIMARY KEY (`id`),
  KEY `banner` (`banner`),
  KEY `titulo` (`titulo`),
  KEY `fk_banners_tipo` (`tipo`),
  CONSTRAINT `fk_banners_tipo` FOREIGN KEY (`tipo`) REFERENCES `banners_tipo` (`id_tipo`)
) ENGINE=InnoDB AUTO_INCREMENT=22 DEFAULT CHARSET=utf8 COMMENT='Armazena informações sobre banners de publicidade';

-- Copiando dados para a tabela _rolnews_2015.banners: ~5 rows (aproximadamente)
/*!40000 ALTER TABLE `banners` DISABLE KEYS */;
REPLACE INTO `banners` (`id`, `titulo`, `banner`, `tipo`, `link`, `data_inicial`, `data_final`, `data_atual`, `qm_cadastr`, `qm_alterou`) VALUES
	(11, 'Centro de Treinamento', 'banners/2015/05/centro-de-treinamento.jpg', 1, 'http://www.acirmro.com.br/cursos', '2015-05-12', '2016-01-01', '2015-05-12 23:08:13', 1, NULL),
	(12, 'Agentes Locais de Inovação', 'banners/2015/07/sebrae.jpg', 2, 'http://www.sebrae.com.br/sites/PortalSebrae/Programas/Agentes-Locais-de-Inova%C3%A7%C3%A3o:-receba-o-Sebrae-na-sua-empresa', '2015-05-12', '2016-01-01', '2015-05-12 23:08:42', 1, 53),
	(14, 'Ano Novo Premiado', 'banners/2015/07/ano-novo-premiado.jpg', 4, 'http://www.acirmro.com.br/noticia/ano-novo-premiado-senhas-disponiveis-na-sede-da-acirm', '2015-05-12', '2016-01-01', '2015-05-12 23:09:32', 1, 53),
	(15, 'CURSO GESTÃO EMPRESARIAL E ESTRTURA ORGANIZACIONAL CRC RO', 'banners/2015/08/curso-gestao-empresarial-e-estrtura-organizacional-crc-ro.jpg', 5, 'http://www2.cfc.org.br/sisweb/sgewebsgi/view/user/login.aspx', '2015-08-24', '2016-01-01', '2015-05-12 23:09:51', 1, 53),
	(21, 'LIQUIDA ROLIM 2015', 'banners/2015/07/liquida-rolim-2015.jpg', 3, 'http://www.acirmro.com.br/noticia/conheca-as-empresas-participantes-do-liquida-rolim-2015', '2015-05-14', '2015-05-21', '2015-05-14 14:56:14', 53, 53);
/*!40000 ALTER TABLE `banners` ENABLE KEYS */;


-- Copiando estrutura para tabela _rolnews_2015.banners_tipo
DROP TABLE IF EXISTS `banners_tipo`;
CREATE TABLE IF NOT EXISTS `banners_tipo` (
  `id_tipo` int(11) NOT NULL AUTO_INCREMENT,
  `tipo` varchar(100) NOT NULL,
  `dimens_w` varchar(50) NOT NULL,
  `dimens_h` varchar(50) NOT NULL,
  PRIMARY KEY (`id_tipo`)
) ENGINE=InnoDB AUTO_INCREMENT=6 DEFAULT CHARSET=utf8 COMMENT='Tipos de banners';

-- Copiando dados para a tabela _rolnews_2015.banners_tipo: ~5 rows (aproximadamente)
/*!40000 ALTER TABLE `banners_tipo` DISABLE KEYS */;
REPLACE INTO `banners_tipo` (`id_tipo`, `tipo`, `dimens_w`, `dimens_h`) VALUES
	(1, 'Banner Capa Grande', '418', '358'),
	(2, 'Banner Capa Pequeno', '418', '132'),
	(3, 'Banner Lateral 1', '228', '159'),
	(4, 'Banner Lateral 2', '228', '159'),
	(5, 'Banner Lateral 3', '228', '159');
/*!40000 ALTER TABLE `banners_tipo` ENABLE KEYS */;


-- Copiando estrutura para tabela _rolnews_2015.eventos
DROP TABLE IF EXISTS `eventos`;
CREATE TABLE IF NOT EXISTS `eventos` (
  `id` int(11) NOT NULL AUTO_INCREMENT,
  `url_name` varchar(255) NOT NULL,
  `evento` varchar(50) DEFAULT NULL,
  `data` timestamp NULL DEFAULT NULL,
  `local` varchar(150) DEFAULT NULL,
  `cidadeuf` varchar(100) DEFAULT NULL,
  `foto` varchar(100) DEFAULT NULL,
  `marca_foto` int(11) DEFAULT NULL,
  `destaque` varchar(3) DEFAULT 'nao',
  `fotografo` varchar(250) DEFAULT NULL,
  `qm_cadastr` int(11) DEFAULT NULL,
  `qm_alterou` int(11) DEFAULT NULL,
  PRIMARY KEY (`id`),
  KEY `evento` (`evento`)
) ENGINE=InnoDB AUTO_INCREMENT=6 DEFAULT CHARSET=utf8 COMMENT='Armazena informações de cadastro de galerias';

-- Copiando dados para a tabela _rolnews_2015.eventos: ~2 rows (aproximadamente)
/*!40000 ALTER TABLE `eventos` DISABLE KEYS */;
REPLACE INTO `eventos` (`id`, `url_name`, `evento`, `data`, `local`, `cidadeuf`, `foto`, `marca_foto`, `destaque`, `fotografo`, `qm_cadastr`, `qm_alterou`) VALUES
	(4, 'trofeu-acirm-2014', 'Troféu ACIRM 2014 -', '2015-05-12 08:22:44', 'CTG - Centro de Tradições Gaúchas - 20:00 horas', 'Rolim de Moura RO', 'eventos/2015/05/trofeu-acirm-2014-1431433364.jpg', NULL, 'sim', 'Acirm', NULL, NULL),
	(5, 'acirm-na-expoagro-2015', 'ACIRM na Expoagro 2015', '2015-05-10 08:56:23', 'Parque de Exposição Jorge Teixeira', 'Rolim de Moura RO', 'eventos/2015/08/acirm-na-expoagro-2015.jpg', NULL, 'sim', 'Acirm', NULL, NULL);
/*!40000 ALTER TABLE `eventos` ENABLE KEYS */;


-- Copiando estrutura para tabela _rolnews_2015.galerias
DROP TABLE IF EXISTS `galerias`;
CREATE TABLE IF NOT EXISTS `galerias` (
  `id` int(11) NOT NULL AUTO_INCREMENT,
  `evento` varchar(50) DEFAULT NULL,
  `data` date DEFAULT NULL,
  `local` varchar(50) DEFAULT NULL,
  `cidadeuf` varchar(100) DEFAULT NULL,
  `foto` varchar(100) DEFAULT NULL,
  `marca_foto` int(11) DEFAULT NULL,
  `destaque` varchar(1) DEFAULT 'n',
  `fotografo` varchar(250) DEFAULT NULL,
  `categoria` int(11) DEFAULT NULL,
  `qm_cadastr` int(11) DEFAULT NULL,
  `qm_alterou` int(11) DEFAULT NULL,
  PRIMARY KEY (`id`),
  KEY `fkgalerias_qm_cadastr` (`qm_cadastr`),
  KEY `evento` (`evento`),
  KEY `fkgalerias_categoria` (`categoria`),
  CONSTRAINT `fkgalerias_qm_cadastr` FOREIGN KEY (`qm_cadastr`) REFERENCES `usuarios` (`id`)
) ENGINE=InnoDB DEFAULT CHARSET=utf8 COMMENT='Armazena informações de cadastro de galerias';

-- Copiando dados para a tabela _rolnews_2015.galerias: ~0 rows (aproximadamente)
/*!40000 ALTER TABLE `galerias` DISABLE KEYS */;
/*!40000 ALTER TABLE `galerias` ENABLE KEYS */;


-- Copiando estrutura para tabela _rolnews_2015.institucional
DROP TABLE IF EXISTS `institucional`;
CREATE TABLE IF NOT EXISTS `institucional` (
  `id` int(11) NOT NULL AUTO_INCREMENT,
  `instituicao` varchar(100) NOT NULL,
  `fanpage` varchar(50) DEFAULT NULL,
  `sobre` text,
  `missao` text,
  `visao` text,
  `valores` text,
  `id_presidente` int(11) DEFAULT NULL,
  `qm_cadastr` int(11) DEFAULT NULL,
  `qm_alterou` int(11) DEFAULT NULL,
  PRIMARY KEY (`id`)
) ENGINE=InnoDB AUTO_INCREMENT=2 DEFAULT CHARSET=utf8 COMMENT='Armazena informações institucional do site.';

-- Copiando dados para a tabela _rolnews_2015.institucional: ~0 rows (aproximadamente)
/*!40000 ALTER TABLE `institucional` DISABLE KEYS */;
REPLACE INTO `institucional` (`id`, `instituicao`, `fanpage`, `sobre`, `missao`, `visao`, `valores`, `id_presidente`, `qm_cadastr`, `qm_alterou`) VALUES
	(1, 'ACIRM - ASSOCIAÇÃO EMPRESARIAL DE ROLIM DE MOURA', 'https://www.facebook.com/groupcreativewebsites', '<p>A Associa&ccedil;&atilde;o Empresarial de Rolim de Moura &ndash; ACIRM &eacute; uma entidade associativa, civil, sem&nbsp;fins lucrativos, fundada em 22 de novembro 1983, desde ent&atilde;o n&atilde;o cessou o exerc&iacute;cio da&nbsp;representatividade e as a&ccedil;&otilde;es que beneficiam e contribuem para a melhoria das condi&ccedil;&otilde;es de&nbsp;neg&oacute;cios das empresas rolimourenses. Atua diretamente na classe empresarial, apoiando suas&nbsp;iniciativas, ajudando e orientando seus associados perante poderes P&uacute;blicos/Municipais,&nbsp;Estaduais e Federais, dando-lhes suporte legal e assessoramento t&eacute;cnico na solu&ccedil;&atilde;o de&nbsp;problemas e, na defesa de seus direitos sempre que necess&aacute;rios.</p>\r\n\r\n<p>O prop&oacute;sito da ACIRM &eacute; atuar no desenvolvimento da popula&ccedil;&atilde;o e toda a comunidade&nbsp;empresarial de Rolim de Moura, tendo como compromisso n&atilde;o s&oacute; criar riqueza na nossa&nbsp;cidade, mas, acima de tudo, fazer com que essa riqueza fique na nossa comunidade, de&nbsp;maneira que esta possa ser melhor distribu&iacute;da e alavancar o progresso.</p>\r\n\r\n<p>A ACIRM trabalha em parceria com v&aacute;rias outras entidades para melhor atender as empresas,&nbsp;seus colaboradores e a popula&ccedil;&atilde;o em geral, melhorando a capacidade de neg&oacute;cios das&nbsp;empresas e a efici&ecirc;ncia de seus colaboradores na presta&ccedil;&atilde;o de servi&ccedil;os.</p>\r\n', '<p>Desenvolvimento econ&ocirc;mico e social dos empreendedores e da cidade de Rolim de&nbsp;Moura, de maneira a estimular o desenvolvimento cont&iacute;nuo e sustent&aacute;vel da regi&atilde;o.</p>\r\n', '<p>Consolidar o reconhecimento da entidade pela excel&ecirc;ncia em produtos e servi&ccedil;os oferecidos&nbsp;aos associados e atuar como &oacute;rg&atilde;o representativo nas discuss&otilde;es pol&iacute;ticas, econ&ocirc;micas e&nbsp;sociais em prol do empresariado Rolimourense.</p>\r\n', '<p>1. Lideran&ccedil;a e defesa do empresariado;</p>\r\n\r\n<p>2. Fomento ao empreendedorismo;</p>\r\n\r\n<p>3. Cria&ccedil;&atilde;o de valor aos associados e &agrave; sociedade;</p>\r\n\r\n<p>4. Respeito &agrave; tradi&ccedil;&atilde;o empresarial e social;</p>\r\n\r\n<p>5. Excel&ecirc;ncia na conduta das atividades;</p>\r\n\r\n<p>6. Criatividade e inova&ccedil;&atilde;o nas realiza&ccedil;&otilde;es;</p>\r\n\r\n<p>7. Integridade, Seriedade, &Eacute;tica;</p>\r\n\r\n<p>8. Responsabilidade socioambiental;</p>\r\n\r\n<p>9. Solidariedade e respeito &agrave; diversidade humana.</p>\r\n', 1, 1, 1);
/*!40000 ALTER TABLE `institucional` ENABLE KEYS */;


-- Copiando estrutura para tabela _rolnews_2015.menu
DROP TABLE IF EXISTS `menu`;
CREATE TABLE IF NOT EXISTS `menu` (
  `id_menu` int(11) NOT NULL AUTO_INCREMENT,
  `id_menu_tipo` int(11) NOT NULL,
  `titulo` varchar(100) NOT NULL,
  `case` varchar(100) NOT NULL,
  `pagina` varchar(150) NOT NULL,
  `ico_menu` varchar(50) NOT NULL DEFAULT '',
  PRIMARY KEY (`id_menu`),
  KEY `fk_menu_id_menutipo` (`id_menu_tipo`),
  CONSTRAINT `fkmenu_id_menu_tipo` FOREIGN KEY (`id_menu_tipo`) REFERENCES `menu_tipo` (`id_menu_tipo`)
) ENGINE=InnoDB AUTO_INCREMENT=15 DEFAULT CHARSET=utf8 COMMENT='Menu';

-- Copiando dados para a tabela _rolnews_2015.menu: ~5 rows (aproximadamente)
/*!40000 ALTER TABLE `menu` DISABLE KEYS */;
REPLACE INTO `menu` (`id_menu`, `id_menu_tipo`, `titulo`, `case`, `pagina`, `ico_menu`) VALUES
	(1, 1, 'Usuários', 'usuarios', '#', 'fa-users'),
	(2, 1, 'Eventos', 'eventos', '#', 'fa-camera'),
	(5, 1, 'Videos', 'videos', '#', 'fa-video-camera'),
	(6, 1, 'Notícias', 'noticias', '#', 'fa-bullhorn'),
	(14, 1, 'Banners', 'banners', '#', 'fa-photo');
/*!40000 ALTER TABLE `menu` ENABLE KEYS */;


-- Copiando estrutura para tabela _rolnews_2015.menu_sub
DROP TABLE IF EXISTS `menu_sub`;
CREATE TABLE IF NOT EXISTS `menu_sub` (
  `id_menu_sub` int(11) NOT NULL AUTO_INCREMENT,
  `id_menu` int(11) NOT NULL,
  `titulo` varchar(100) NOT NULL,
  `case` varchar(100) NOT NULL,
  `pagina` varchar(150) NOT NULL,
  `ico_menu` varchar(50) NOT NULL DEFAULT 'fa-angle-double-right',
  PRIMARY KEY (`id_menu_sub`),
  KEY `fkmenu_sub_id_menu` (`id_menu`),
  KEY `idx_menu_sub_titulo` (`titulo`),
  CONSTRAINT `fkmenu_sub_id_menu` FOREIGN KEY (`id_menu`) REFERENCES `menu` (`id_menu`)
) ENGINE=InnoDB AUTO_INCREMENT=32 DEFAULT CHARSET=utf8 COMMENT='Menu Sub';

-- Copiando dados para a tabela _rolnews_2015.menu_sub: ~10 rows (aproximadamente)
/*!40000 ALTER TABLE `menu_sub` DISABLE KEYS */;
REPLACE INTO `menu_sub` (`id_menu_sub`, `id_menu`, `titulo`, `case`, `pagina`, `ico_menu`) VALUES
	(1, 1, 'Novo Cadastro', 'usuarios', 'cadastrar', 'fa-angle-double-right'),
	(2, 1, 'Listar Cadastros', 'usuarios', 'listar', 'fa-angle-double-right'),
	(3, 2, 'Novo Cadastro', 'eventos', 'cadastrar', 'fa-angle-double-right'),
	(4, 2, 'Listar Cadastros', 'eventos', 'listar', 'fa-angle-double-right'),
	(10, 6, 'Novo Cadastro', 'noticias', 'cadastrar', 'fa-angle-double-right'),
	(11, 6, 'Listar Cadastros', 'noticias', 'listar', 'fa-angle-double-right'),
	(16, 5, 'Novo Cadastro', 'videos', 'cadastrar', 'fa-angle-double-right'),
	(17, 5, 'Listar Cadastros', 'videos', 'listar', 'fa-angle-double-right'),
	(30, 14, 'Novo Cadastro', 'banners', 'cadastrar', 'fa-angle-double-right'),
	(31, 14, 'Listar Cadastros', 'banners', 'listar', 'fa-angle-double-right');
/*!40000 ALTER TABLE `menu_sub` ENABLE KEYS */;


-- Copiando estrutura para tabela _rolnews_2015.menu_sub_nav
DROP TABLE IF EXISTS `menu_sub_nav`;
CREATE TABLE IF NOT EXISTS `menu_sub_nav` (
  `id_menu_sub_nav` int(11) NOT NULL AUTO_INCREMENT,
  `id_menu_sub` int(11) NOT NULL,
  `titulo` varchar(100) NOT NULL,
  `case` varchar(100) NOT NULL,
  `pagina` varchar(150) NOT NULL,
  `ico_menu` varchar(50) NOT NULL DEFAULT 'fa-angle-double-right',
  PRIMARY KEY (`id_menu_sub_nav`),
  KEY `fkmenu_sub_id_menu_sub` (`id_menu_sub`),
  CONSTRAINT `fkmenu_sub_id_menu_sub` FOREIGN KEY (`id_menu_sub`) REFERENCES `menu_sub` (`id_menu_sub`)
) ENGINE=InnoDB AUTO_INCREMENT=21 DEFAULT CHARSET=utf8 COMMENT='Menu Sub Nav';

-- Copiando dados para a tabela _rolnews_2015.menu_sub_nav: ~0 rows (aproximadamente)
/*!40000 ALTER TABLE `menu_sub_nav` DISABLE KEYS */;
/*!40000 ALTER TABLE `menu_sub_nav` ENABLE KEYS */;


-- Copiando estrutura para tabela _rolnews_2015.menu_tipo
DROP TABLE IF EXISTS `menu_tipo`;
CREATE TABLE IF NOT EXISTS `menu_tipo` (
  `id_menu_tipo` int(11) NOT NULL AUTO_INCREMENT,
  `tipo` varchar(100) NOT NULL,
  PRIMARY KEY (`id_menu_tipo`)
) ENGINE=InnoDB AUTO_INCREMENT=3 DEFAULT CHARSET=utf8 COMMENT='Menu Tipo';

-- Copiando dados para a tabela _rolnews_2015.menu_tipo: ~2 rows (aproximadamente)
/*!40000 ALTER TABLE `menu_tipo` DISABLE KEYS */;
REPLACE INTO `menu_tipo` (`id_menu_tipo`, `tipo`) VALUES
	(1, 'painel_adm_sidebar'),
	(2, 'painel_est_sidebar');
/*!40000 ALTER TABLE `menu_tipo` ENABLE KEYS */;


-- Copiando estrutura para tabela _rolnews_2015.noticias
DROP TABLE IF EXISTS `noticias`;
CREATE TABLE IF NOT EXISTS `noticias` (
  `id` int(11) NOT NULL AUTO_INCREMENT,
  `url_name` varchar(255) NOT NULL,
  `categoria` varchar(100) DEFAULT NULL,
  `titulo` varchar(250) DEFAULT NULL,
  `subtitulo` varchar(250) DEFAULT NULL,
  `colunista` varchar(50) DEFAULT NULL,
  `fonte` varchar(100) DEFAULT NULL,
  `destaque` varchar(3) DEFAULT NULL,
  `noticia` text NOT NULL,
  `data` timestamp NOT NULL DEFAULT CURRENT_TIMESTAMP,
  `video` varchar(50) DEFAULT NULL,
  `foto` varchar(255) DEFAULT NULL,
  `marca_foto` int(11) NOT NULL DEFAULT '0' COMMENT '0=não adiciona marca, 1=adiciona marca',
  `contador` int(11) DEFAULT NULL,
  `qm_cadastr` int(11) DEFAULT NULL,
  `qm_alterou` int(11) DEFAULT NULL,
  PRIMARY KEY (`id`)
) ENGINE=InnoDB AUTO_INCREMENT=30 DEFAULT CHARSET=utf8 COMMENT='Armazena informações de cadastros de noticias';

-- Copiando dados para a tabela _rolnews_2015.noticias: ~24 rows (aproximadamente)
/*!40000 ALTER TABLE `noticias` DISABLE KEYS */;
REPLACE INTO `noticias` (`id`, `url_name`, `categoria`, `titulo`, `subtitulo`, `colunista`, `fonte`, `destaque`, `noticia`, `data`, `video`, `foto`, `marca_foto`, `contador`, `qm_cadastr`, `qm_alterou`) VALUES
	(1, 'jean-oliveira-reivindica-em-favor-da-cooperativa-dos-produtores-rurais-do-assentamento-flor-da-amazonia', 'politica', 'Jean Oliveira reivindica em favor da Cooperativa dos Produtores Rurais do Assentamento Flor da Amazônia', '', 'Assessoria', 'Portal Rolnews', 'sim', '<p>A dire&ccedil;&atilde;o &nbsp;da Cooperativa dos Produtores Familiares do Assentamento Flor da Amaz&ocirc;nia &ndash; COAFFA e lideran&ccedil;as do assentamento Flor da Amaz&ocirc;nia, localizado no munic&iacute;pio de Candeias do Jamari, procuraram o deputado Jean Oliveira em seu gabinete, &nbsp;na manh&atilde; de quarta-feira (11), para solicitar ajuda no sentido de interceder junto aos &oacute;rg&atilde;os competentes, respectivamente, &nbsp;&nbsp;Instituto Brasileiro do Meio Ambiente e dos Recursos Naturais Renov&aacute;veis - Ibama e e a secretaria de Estado do Desenvolvimento Sustent&aacute;vel - &nbsp;Sedam, para obter a necess&aacute;ria licen&ccedil;a ambiental de alguns lotes do assentamento para que os propriet&aacute;rios possam contrair cr&eacute;dito junto a rede banc&aacute;ria para financiar parte da infraestrutura necess&aacute;ria para implementar &nbsp;&nbsp;projeto de venda de aves abatidas que parte j&aacute; est&aacute; financiada, em termos de compensa&ccedil;&atilde;o, pelo Cons&oacute;rcio Santo Ant&ocirc;nio, que foi a constru&ccedil;&atilde;o, que est&aacute; em fase conclusiva, &nbsp;do matadouro.</p>\r\n\r\n<p>O Cons&oacute;rcio Santo Ant&ocirc;nio financiou a constru&ccedil;&atilde;o do matadouro para o projeto de venda de aves abatidas da COAFFA, como contrapartida, a cooperativa dever&aacute; construir tr&ecirc;s &nbsp;avi&aacute;rios &nbsp;(galp&otilde;es adaptados para criar as aves).&nbsp; Os cooperados para construir os avi&aacute;rios combinaram entre si que fariam empr&eacute;stimos individuais para financiar a constru&ccedil;&atilde;o dos &nbsp;&nbsp;tr&ecirc;s avi&aacute;rios. A proposta, no entanto, n&atilde;o est&aacute; sendo poss&iacute;vel ser levada a cabo porque alguns dos propriet&aacute;rios cooperados, que devem fazer os empr&eacute;stimos, est&atilde;o impedidos por terem passivo ambiental, &nbsp;ou seja, foram multados pelo &oacute;rg&atilde;o fiscalizador ambiental. E quem tem passivo ambiental n&atilde;o tem direito a cr&eacute;dito na rede banc&aacute;ria.</p>\r\n\r\n<p>Diante da situa&ccedil;&atilde;o o deputado convidou o secret&aacute;rio da Sedam, Vilson Madeiros, &nbsp;para vir, se poss&iacute;vel, ao seu gabinete para se reunirem &nbsp;e juntos com os cooperados procurarem a melhor sa&iacute;da para o problema, uma vez que, n&atilde;o se pode deixar um projeto dessa envergadura ser brecado &nbsp;por falta de uma a&ccedil;&atilde;o p&uacute;blica coerente legal para resolver a situa&ccedil;&atilde;o dos que est&atilde;o impossibilitados&nbsp; no momento de adquirir cr&eacute;dito banc&aacute;rio devido passivo ambiental. Passivo esse, &agrave;s vezes, &iacute;nfimo ou insignificante, e que muitas vezes j&aacute; tinham sido feito antes do morador atual ser o propriet&aacute;rio do terreno.&nbsp; De pronto, o secret&aacute;rio da Sedam, atendeu o pedido do deputado e veio se reunir em seu gabinete com os cooperados da COAFFA. &nbsp;</p>\r\n\r\n<p>Depois de todos exporem suas opini&otilde;es e sugest&otilde;es, o secret&aacute;rio de Estado do Desenvolvimento Sustent&aacute;vel, &nbsp;&nbsp;orientou no sentido &nbsp;que todos os que est&atilde;o com problemas de passivo ambiental na Sedam, elabore um hist&oacute;rico da seu terreno , juntando sua documenta&ccedil;&atilde;o e protocole na Sedam, via cooperativa, solicitando uma solu&ccedil;&atilde;o para seu problema, &nbsp;fazendo uma exposi&ccedil;&atilde;o de motivo para seu requerimento. No caso, o motivo, &eacute; &nbsp;conseguir &nbsp;cr&eacute;dito banc&aacute;rio para se construir os tr&ecirc;s avi&aacute;rios &nbsp;do projeto de venda de aves abatidas da cooperativa que tem prazo para ser conclu&iacute;do e, &nbsp;portanto, n&atilde;o pode esperar.</p>\r\n\r\n<p>Jean Oliveira &nbsp;conversou ainda, por telefone, com o superintend&ecirc;ncia do Ibama em Rond&ocirc;nia, Ren&ecirc; &nbsp;Oliveira, quando ficou de se reunir com esse &oacute;rg&atilde;o ambiental federal para buscar uma solu&ccedil;&atilde;o para a problem&aacute;tica vivida pelos cooperados da COAFFA; &nbsp;e colocou sua assessoria jur&iacute;dica a disposi&ccedil;&atilde;o da cooperativa para orientar quanto &agrave; elabora&ccedil;&atilde;o dos documentos que os cooperados ir&atilde;o protocolar na Sedam.</p>\r\n\r\n<p>Participaram da reuni&atilde;o no gabinete do deputado Jean Oliveira, o secret&aacute;rio de Estado do Desenvolvimento Sustent&aacute;vel, Vilson Medeiros, a presidente e a vice-presidente da Cooperativa dos Agricultores Familiares do Assentamento do &nbsp;Amazonas &ndash; COOAFFA, Maria Leonilda Mattara e Gisele da Silva Santos, a Gigi, respectivamente, &nbsp;&nbsp;o Instituto Fecom&eacute;rcio, &nbsp;que apoia o empreendimento da cooperativa, representado pelo Diretor T&eacute;cnico, Nazareno Barbosa e v&aacute;rias lideran&ccedil;as do assentamento Flor do Amazonas.</p>\r\n\r\n<p>Da Assessoria para o Rolnews</p>\r\n', '2015-11-14 14:48:31', '', 'noticias/2015/11/jean-oliveira-reivindica-em-favor-da-cooperativa-dos-produtores-rurais-do-assentamento-flor-da-amazonia.jpg', 0, NULL, NULL, NULL),
	(2, 'mp-obtem-condenacao-de-ex-prefeito-de-santa-luzia-pelo-pagamento-de-cimento-nao-entregue', 'politica', 'MP obtém condenação de ex-Prefeito de Santa Luzia pelo pagamento de cimento não entregue', '', 'Assessoria', 'Portal Rolnews', 'sim', '<p>O Minist&eacute;rio P&uacute;blico de Rond&ocirc;nia, por meio da Promotoria de Justi&ccedil;a de Santa Luzia do Oeste, obteve junto ao Judici&aacute;rio a condena&ccedil;&atilde;o do ex-prefeito de Santa Luzia do Oeste, Cloreni Matt, mais cinco pessoas e a empresa Caraj&aacute;s LTDA., por ato de improbidade administrativa, que causou les&atilde;o ao er&aacute;rio e enriquecimento il&iacute;cito, decorrente do pagamento de R$ 75 mil, por tr&ecirc;s mil sacas de cimento, que n&atilde;o foram entregues na totalidade ao Munic&iacute;pio.&nbsp;<br />\r\n<br />\r\nA condena&ccedil;&atilde;o &eacute; resultado de a&ccedil;&atilde;o civil p&uacute;blica por ato de improbidade, ajuizada pelo MP em 2012. Conforme relata a a&ccedil;&atilde;o, em 2010, o ex-chefe do Poder Executivo determinou o pagamento de nota fiscal irregular, no valor de R$ 75 mil, referentes &agrave; aquisi&ccedil;&atilde;o de tr&ecirc;s mil sacas de cimento, junto &agrave; empresa Caraj&aacute;s LTDA. Ocorre que, em vez das tr&ecirc;s mil sacas do produto, foram entregues ao Munic&iacute;pio de Santa Luzia apenas 300.<br />\r\n<br />\r\nNa a&ccedil;&atilde;o, o Minist&eacute;rio P&uacute;blico ressaltou que, de acordo com a Lei de Licita&ccedil;&otilde;es, pagamentos aos fornecedores devem ser feitos apenas depois da entrega dos materiais, o que n&atilde;o aconteceu no caso investigado.&nbsp;<br />\r\n<br />\r\nSenten&ccedil;a<br />\r\nConforme a senten&ccedil;a, o ex-prefeito de Santa Luzia Cloreni Matt, o irm&atilde;o do prefeito e &agrave; &eacute;poca secret&aacute;rio de obras, Dilonei Matt, os servidores que atestaram o recebimento fict&iacute;cio do cimento, al&eacute;m da empresa Caraj&aacute; e seu respons&aacute;vel foram condenados, com base nos artigos 9 e 10 da Lei n&ordm; 8.429/92, solidariamente, ao ressarcimento integral do dano no valor de 75 mil.<br />\r\n<br />\r\nCloreni Matt e Dilonei Matt tamb&eacute;m foram condenados &agrave; perda da fun&ccedil;&atilde;o p&uacute;blica;&nbsp; suspens&atilde;o dos direitos pol&iacute;ticos pelo prazo de oito anos; multa civil equivalente a duas vezes o valor do dano; proibi&ccedil;&atilde;o de contratar com o Poder P&uacute;blico ou receber benef&iacute;cios ou incentivos fiscais ou credit&iacute;cios, direta ou indiretamente, pelo prazo cinco anos.</p>\r\n\r\n<p>A senten&ccedil;a prev&ecirc; penalidades para os demais r&eacute;us, na medida de suas participa&ccedil;&otilde;es no il&iacute;cito.</p>\r\n\r\n<p>Da Assessoria para o Rolnews</p>\r\n', '2015-11-14 15:00:02', '', 'noticias/2015/11/mp-obtem-condenacao-de-ex-prefeito-de-santa-luzia-pelo-pagamento-de-cimento-nao-entregue.jpg', 0, NULL, NULL, NULL),
	(3, 'consorcio-brasil-central-e-apresentado-em-audiencia-publica-no-senado', 'politica', 'Consórcio Brasil Central é apresentado em audiência pública no Senado', '', 'Assessoria', 'Portal Rolnews', 'sim', '<p>Oficialmente instaurado na ter&ccedil;a-feira (10), em Bras&iacute;lia, o Cons&oacute;rcio Interestadual do Brasil Central foi apresentado aos senadores um dia depois, na Comiss&atilde;o de Desenvolvimento Regional e Turismo do Senado.</p>\r\n\r\n<p>Distrito Federal, Goi&aacute;s, Mato Grosso, Mato Grosso do Sul, Rond&ocirc;nia e Tocantins, Estados que comp&otilde;em o Cons&oacute;rcio, est&atilde;o na regi&atilde;o que mais se desenvolveu nos &uacute;ltimos anos, e tamb&eacute;m foi a que apresentou a maior redu&ccedil;&atilde;o da taxa de pobreza. Com aproximadamente 10% da popula&ccedil;&atilde;o brasileira, o bloco de governadores responde hoje por 11,27% do Produto Interno Bruto (PIB).</p>\r\n\r\n<p>O governador de Rond&ocirc;nia, Conf&uacute;cio Moura, no entanto, demonstrou preocupa&ccedil;&atilde;o com rela&ccedil;&atilde;o aos munic&iacute;pios, e ponderou sobre a necessidade de inclu&iacute;-los nas discuss&otilde;es do Cons&oacute;rcio. &ldquo;&Eacute; preciso dar suporte priorit&aacute;rio aos prefeitos e consolidar uma agenda de servi&ccedil;os com resultados pr&aacute;ticos&rdquo;, disse.</p>\r\n\r\n<p>&ldquo;A figura do cons&oacute;rcio surge nesse momento como uma luz no c&eacute;u cinzento da pol&iacute;tica brasileira&rdquo;, discorreu Conf&uacute;cio.</p>\r\n\r\n<p>Para ele, hoje, ao se abrir qualquer jornal, n&atilde;o se encontra not&iacute;cias positivas, apenas o notici&aacute;rio negativo ganha destaque. &ldquo;Esse cons&oacute;rcio veio como um renascimento, uma esp&eacute;cie de ressurrei&ccedil;&atilde;o pol&iacute;tica dos governadores, que n&atilde;o s&atilde;o os maiores do Brasil, mas s&atilde;o dos estados produtores de alimentos&rdquo;.</p>\r\n\r\n<p>Conf&uacute;cio Moura falou que o bloco de governadores n&atilde;o tem um formato separatista, mas quer demonstrar que n&atilde;o est&aacute; satisfeito. O objetivo, segundo ele, &eacute; blindar os estados contra a onda de crise que n&atilde;o tem premissa nenhuma de findar num curto espa&ccedil;o de tempo.&nbsp; &ldquo;N&oacute;s n&atilde;o podemos ter medo de mudar as leis, n&atilde;o podemos ter medo, de maneira nenhuma, de reformar a Constitui&ccedil;&atilde;o em alguns pontos indispens&aacute;veis, como a reforma da Previd&ecirc;ncia&rdquo;, afirmou.</p>\r\n\r\n<p>O governador de Mato Grosso, Pedro Taques (PSDB) destacou os benef&iacute;cios que poder&atilde;o ser gerados para a regi&atilde;o em virtude da uni&atilde;o de interesses do bloco. &ldquo;A ideia do cons&oacute;rcio &eacute; muito vantajosa aos estados que o integram, uma vez que reduz a competitividade entre n&oacute;s, e nos torna capazes de competir com outros mercados&rdquo;, concluiu Taques.</p>\r\n\r\n<p>Da Assessoria para o Rolnews</p>\r\n\r\n<p>&nbsp;</p>\r\n', '2015-11-14 15:08:16', '', 'noticias/2015/11/consorcio-brasil-central-e-apresentado-em-audiencia-publica-no-senado.jpg', 0, NULL, NULL, NULL),
	(4, 'pais-acusados-de-matar-e-jogar-bebe-em-rio-serao-julgados-nesta-sexta-feira-em-jaru', 'policial', 'Pais acusados de matar e jogar bebê em rio serão julgados nesta sexta feira, em Jaru', '', 'Assessoria', 'Jaru Online', 'sim', '<p>O casal suspeito de ter assassinado e jogado o filho rec&eacute;m-nascido dentro de um rio, em fevereiro deste ano, ser&aacute; julgado pelo Tribunal do J&uacute;ri na pr&oacute;xima sexta-feira (13) em Jaru. De acordo com o Tribunal de Justi&ccedil;a de Rond&ocirc;nia (TJRO), a dona de casa Lucineide S. S., 29, e o marido dela s&atilde;o acusados de cortar a crian&ccedil;a com um objeto pontiagudo.<br />\r\n<br />\r\nAp&oacute;s o homic&iacute;dio, os dois jogaram a v&iacute;tima no Rio Moror&oacute;, em Jaru. Os Bombeiros encontraram o corpo do rec&eacute;m-nascido ainda com o cord&atilde;o umbilical. A crian&ccedil;a tamb&eacute;m apresentava les&otilde;es no bra&ccedil;o direito, peito e cabe&ccedil;a. Os ferimentos possivelmente foram ocasionados por mordidas de peixes.<br />\r\n<br />\r\nCom a repercuss&atilde;o do crime, moradores informaram &agrave; Pol&iacute;cia Civil que Lucineide era m&atilde;o do beb&ecirc; e que o casal iria se mudar pra Ji-Paran&aacute; (RO). Ao chegar na casa da fam&iacute;lia, os policiais encontraram a mudan&ccedil;a j&aacute; organizada para ser transportada.<br />\r\n<br />\r\nInicialmente a suspeita negou que tivesse gr&aacute;vida naquele per&iacute;odo, por&eacute;m ao passar por exames, a equipe m&eacute;dica constatou que a dona de casa havia tido um parto recente. Na ocasi&atilde;o, Lucineide decidiu assumir sobre o nascimento da crian&ccedil;a, por&eacute;m garantiu que ningu&eacute;m da fam&iacute;lia sabia, nem mesmo o marido.<br />\r\n<br />\r\nEm depoimento, Lucineide relatou que, no dia 12 de fevereiro, sentiu fortes dores, pois teria ca&iacute;do sobre a barriga durante a limpeza da casa. No dia seguinte, enquanto o marido trabalhava, a mulher come&ccedil;ou a sentir dores novamente e pediu para que os filhos fossem brincar no quintal.<br />\r\n<br />\r\nNo trecho que do depoimento que o site teve acesso na &eacute;poca, a mulher relatou como praticou o crime: &ldquo;Tranquei-me no quarto e as dores s&oacute; aumentavam, eram as dores do parto. Com muito custo consegui dar a luz &agrave; crian&ccedil;a. Embora sentisse muitas dores, n&atilde;o dei nenhum grito para que meus filhos n&atilde;o soubessem o que estava acontecendo. A crian&ccedil;a nasceu, todavia estava morta, pois n&atilde;o chorou e n&atilde;o respirou. Consegui, sozinha, puxar o cord&atilde;o umbilical at&eacute; o momento que saiu junto a placenta&rdquo;, diz.<br />\r\n<br />\r\nEm seguida, conforme a pol&iacute;cia, Lucineide teria enrolado o beb&ecirc; em uma toalha, colocado em uma sacola e depois em uma caixa. Logo depois limpou o local, tomou banho e esperou a chegada do marido. Durante a madrugada, a mulher verificou se todos na casa dormiam, saiu e jogou a crian&ccedil;a no rio.<br />\r\n<br />\r\nMesmo a mulher negando que o pai da crian&ccedil;a participou do crime, a pol&iacute;cia entendeu que o casal escondeu o corpo, juntos. O julgamento de Lucineide e do marido ser&aacute; realizado na pr&oacute;xima sexta, a partir de 8h, no F&oacute;rum de Jaru.</p>\r\n\r\n<p>Do Jaru Online</p>\r\n', '2015-11-14 15:09:43', '', 'noticias/2015/11/pais-acusados-de-matar-e-jogar-bebe-em-rio-serao-julgados-nesta-sexta-feira-em-jaru.jpg', 0, NULL, NULL, NULL),
	(5, 'rolim-ultimas-vagas-para-o-curso-de-portugues-para-concurso-na-conectinove', 'geral', 'Rolim:Últimas vagas para o curso de português para concurso na Conectinove', '', 'Assessoria', 'Portal Rolnews', 'sim', '<p>A Conectinove Escola de Profiss&otilde;es est&aacute; com suas &uacute;ltimas vagas dispon&iacute;veis para a turma &uacute;nica do curso de portugu&ecirc;s b&aacute;sico para concursos p&uacute;blicos. A carga hor&aacute;ria &eacute; de 30 horas/aula, ministradas pela professora Ivone Querber, uma das mais conceituadas profissionais da regi&atilde;o nesta &aacute;rea.</p>\r\n\r\n<p>De acordo com o diretor da institui&ccedil;&atilde;o, Ronaldo Adriano Barreto, o objetivo do curso &eacute; uniformizar o conhecimento de quem quer ir bem nos pr&oacute;ximos concursos, estudando com foco na l&iacute;ngua m&atilde;e dos brasileiros. Ele lembra que a mat&eacute;ria &eacute; sempre tem peso definitivo nos certames.</p>\r\n\r\n<p>&ldquo;H&aacute; concursos em que, acertar uma boa quantidade das quest&otilde;es de portugu&ecirc;s pode ser o divisor de &aacute;guas entre ser ou n&atilde;o aprovado. Por isso, cada dia mais os concurseiros est&atilde;o investindo nesse setor, por que as bancas tamb&eacute;m est&atilde;o cada dia mais exigentes&rdquo;, argumentou o empres&aacute;rio.</p>\r\n\r\n<p>Para aproveitar essa e outras oportunidades, procure agora mesmo a Conectinove Escola de Profiss&otilde;es na Av. 25 de Agosto, ao lado da Caixa Econ&ocirc;mica Federal, no Centro de Rolim de Moura e fa&ccedil;a sua matr&iacute;cula. Informa&ccedil;&otilde;es pelo site www.cep1.com.br ou no telefone (69) 3442-2674.</p>\r\n\r\n<p>Da Assessoria para o Rolnews</p>\r\n', '2015-11-14 15:17:00', '', 'noticias/2015/11/rolim-ultimas-vagas-para-o-curso-de-portugues-para-concurso-na-conectinove.jpg', 0, NULL, NULL, NULL),
	(7, 'rolim-menor-capturado-em-flagrante-furtando-e-praticando-vandalismo-em-escola', 'policial', 'Rolim: Menor capturado em flagrante furtando e praticando vandalismo em escola', '', 'Assessoria', 'Alerta Rolim', 'sim', '<p>Por volta das 04h00 da madrugada desta quinta-feira (12), a Escola Tancredo de Almeida Neves, localizada na Avenida S&atilde;o Paulo, Bairro Beira Rio, foi alvo de um verdadeiro ato de vandalismo, como: arrombamento, picha&ccedil;&otilde;es com os dizeres; (155, 157, Vida Louca, entre outros) e alguns materiais ainda foram furtados.</p>\r\n\r\n<p>De acordo com informa&ccedil;&otilde;es policiais, uma guarni&ccedil;&atilde;o de R&aacute;dio Patrulha da Pol&iacute;cia Militar, composta pelo Cabo Aguiar, Soldados Mota e Raiala realizava patrulhamento de rotina pelo Bairro Beira Rio, momento em que passavam em frente a referida escola e perceberam duas bicicletas escoradas no muro do col&eacute;gio.</p>\r\n\r\n<p>Atrav&eacute;s da suspeita que o estabelecimento pudesse ser alvo de furto, os policiais adentraram no col&eacute;gio e deparam com a porta da cantina, janela da biblioteca e laborat&oacute;rio arrombados. Ao fazerem uma varredura, os policiais avistaram dois indiv&iacute;duos que tentaram se evadir do local, por&eacute;m um menor de 17 anos acabou sendo apreendido. O outro conseguiu fugir.</p>\r\n\r\n<p>Do lado de fora da escola, foram encontrados v&aacute;rios objetos que haviam sido furtados. O menor apreendido e os objetos recuperados foram apresentados na Delegacia de Pol&iacute;cia Civil.</p>\r\n', '2015-11-14 17:35:10', '', 'noticias/2015/11/rolim-menor-capturado-em-flagrante-furtando-e-praticando-vandalismo-em-escola-1447529710.jpg', 0, NULL, NULL, NULL),
	(8, 'cerca-de-65-mil-consumidores-de-rondonia-nao-pagarao-taxa-extra-na-conta-de-luz', 'geral', 'Cerca de 65 mil consumidores de Rondônia não pagarão taxa extra na conta de luz', '', 'Assessoria', 'G1 RO', 'sim', '<p>Cerca de 65 mil consumidores de 43 localidades de&nbsp;Rond&ocirc;nia&nbsp;(<strong>veja a lista abaixo</strong>) ficar&atilde;o isentos das taxas das bandeiras amarela e vermelha nas contas de luz. A isen&ccedil;&atilde;o foi determinada pela Lei 13.182 de 2015. A legisla&ccedil;&atilde;o estabelece que consumidores de regi&otilde;es isoladas de seis estados brasileiros ficam livres de cobran&ccedil;as das bandeiras tarif&aacute;rias.</p>\r\n\r\n<p>Segundo a lei, sancionada no &uacute;ltimo dia 4 de novembro pela presidente Dilma Rousseff, essas comunidades integram apenas parcialmente ou n&atilde;o fazem parte do Sistema Interligado Nacional (SIN). Como os consumidores desses locais n&atilde;o usufruem totalmente dos servi&ccedil;os, eles est&atilde;o isentos das bandeiras tarif&aacute;rias aplicadas.</p>\r\n\r\n<p>De acordo com a Eletrobras Distribui&ccedil;&atilde;o Rond&ocirc;nia, a popula&ccedil;&atilde;o isenta do pagamento das taxas representa 7,14% do mercado de energia consumida no estado.</p>\r\n\r\n<p><strong>Confira abaixo as localidades que deixar&atilde;o de pagar a taxa de bandeira vermelha:</strong><br />\r\nAlvorada do Oeste<br />\r\nBuritis<br />\r\nCampo Novo de Rond&ocirc;nia<br />\r\nConcei&ccedil;&atilde;o da Galera<br />\r\nCosta Marques<br />\r\nCujubim<br />\r\nCuricacas-Guarani<br />\r\nDarlan Vono<br />\r\nDemarca&ccedil;&atilde;o<br />\r\nDistrito de Triunfo<br />\r\nExtrema<br />\r\nFortaleza do Abun&atilde;<br />\r\nForte Pr&iacute;ncipe da Beira<br />\r\nGuapor&eacute;<br />\r\nIzidol&acirc;ndia<br />\r\nJacin&oacute;polis<br />\r\nLago do Cuni&atilde;<br />\r\nMachadinho D&#39;Oeste<br />\r\nMaicy<br />\r\nNova Calif&oacute;rnia<br />\r\nPacaran&atilde;<br />\r\nPapagaio<br />\r\nPedras Negra<br />\r\nPorto Murtinho<br />\r\nRolim de Moura do Guapor&eacute;<br />\r\nSanta Catarina<br />\r\nS&atilde;o Carlos<br />\r\nS&atilde;o Domingos<br />\r\nS&atilde;o Francisco do Guapor&eacute;<br />\r\nS&atilde;o Jos&eacute;<br />\r\nSurpresa<br />\r\nTabajara<br />\r\nTerra Boa<br />\r\nTerra Ca&iacute;da &ndash; Primor<br />\r\nTira Fogo<br />\r\nUni&atilde;o Bandeirantes<br />\r\nUrucumacu&atilde;<br />\r\nVale do Anari<br />\r\nVila de Calama<br />\r\nVila de Nazar&eacute;<br />\r\nVila Nova Uni&atilde;o<br />\r\nVila Rio Branco<br />\r\nVista Alegre do Abun&atilde;</p>\r\n\r\n<p>Do G1 RO</p>\r\n', '2015-11-14 17:41:14', '', 'noticias/2015/11/cerca-de-65-mil-consumidores-de-rondonia-nao-pagarao-taxa-extra-na-conta-de-luz.jpg', 0, NULL, NULL, NULL),
	(9, 'justica-manda-soltar-indios-tenharim-acusados-de-matar-tres-em-humaita', 'geral', 'Justiça manda soltar índios Tenharim acusados de matar três em Humaitá', '', 'Assessoria', 'Acritica', 'sim', '<p>A Justi&ccedil;a do Amazonas mandou soltar os cinco &iacute;ndios Tenharim acusados de matar, em dezembro de 2013, tr&ecirc;s homens dentro da Terra Ind&iacute;gena Tenharim, &agrave;s margens da rodovia BR-230, a Transamaz&ocirc;nica, em Humait&aacute;, no interior do Amazonas, a 590 quil&ocirc;metros da capital.</p>\r\n\r\n<p>A desembargadora Encarna&ccedil;&atilde;o das Gra&ccedil;as Sampaio Salgado, relatora do processo, aceitou o habeas corpus impetrado pela Funda&ccedil;&atilde;o Nacional do &Iacute;ndio (Funai) contra o juiz da 2&ordf; Vara Criminal de Humait&aacute; e concedeu alvar&aacute;s de soltura para os cinco r&eacute;us presos: Sime&atilde;o Tenharim, Gilson Tenharim, Gilvan Tenharim, Valdinar Tenharim e Domiceno Tenharim. A decis&atilde;o foi tomada no &uacute;ltimo dia 6 de novembro.</p>\r\n\r\n<p>Para defender a soltura dos r&eacute;us, a Funai alegou que houve constrangimento ilegal por excesso de prazo porque os &iacute;ndios estavam presos desde 30 de janeiro de 2014, h&aacute; 1 de um ano e 9 meses, &ldquo;h&aacute; mais tempo do que a lei determina&rdquo;. O excesso de prazo foi cometido pelo juiz da 2&ordf; Vara de Humait&aacute;. A alega&ccedil;&atilde;o da Funai foi aceita pela desembargadora Encarna&ccedil;&atilde;o Salgado.</p>\r\n\r\n<p>Os cinco ind&iacute;genas vinham cumprindo pena na Cadeia P&uacute;blica de L&aacute;brea, munic&iacute;pio vizinho a Humait&aacute;. Antes, eles estavam presos no Pres&iacute;dio de Seguran&ccedil;a M&aacute;xima de Porto Velho, em Rond&ocirc;nia. A transfer&ecirc;ncia deles de Porto Velho para L&aacute;brea ocorreu devido ao decl&iacute;nio de compet&ecirc;ncia do caso passar da Justi&ccedil;a Federal para Justi&ccedil;a Estadual.</p>\r\n\r\n<p>Na decis&atilde;o de soltura, a desembargadora exigiu que os cinco r&eacute;us ind&iacute;genas devem permanecer dentro da Terra Ind&iacute;gena Tenharim Marmelos, sob supervis&atilde;o da Funai de Humait&aacute;, mesmo local onde viviam e onde as v&iacute;timas foram assassinadas. Os &iacute;ndios s&atilde;o acusados de infringir os artigos 121, &sect; 2&ordm;, inc. I e IV e 211 do C&oacute;digo Penal (homic&iacute;dio).</p>\r\n\r\n<p><strong>As tr&ecirc;s v&iacute;timas</strong></p>\r\n\r\n<p>As tr&ecirc;s v&iacute;timas assassinadas a tiros dentro da reserva ind&iacute;gena Tenharim s&atilde;o o professor Stef Pinheiro de Sousa, 43, o comerciante Luciano Ferreira Freire, 30, e o funcion&aacute;rio da Eletrobras Amazonas Energia Aldeney Ribeiro Salvador, 40.</p>\r\n\r\n<p>Eles foram sequestrados e desapareceram no dia 16 de dezembro de 2013 quando faziam viagem de carro pelo trecho da rodovia BR-230 que corta a reserva Tenharim e onde os ind&iacute;genas cobram ped&aacute;gio. As v&iacute;timas tinham como destino a cidade de Apu&iacute;.</p>\r\n\r\n<p>As fam&iacute;lias denunciaram o desaparecimento e uma mega opera&ccedil;&atilde;o foi montada pela Pol&iacute;cia Federal para encontrar as v&iacute;timas, com apoio da For&ccedil;a Nacional, Ex&eacute;rcito, Pol&iacute;cia Militar e Pol&iacute;cia Civil do Amazonas e Rond&ocirc;nia.</p>\r\n\r\n<p>Os cinco &iacute;ndios r&eacute;us no processo foram presos antes dos corpos serem encontrados, no dia 30 de janeiro de 2014. O ve&iacute;culo das v&iacute;timas foi incendiado e os corpos achados quase dois meses depois do crime, no dia 3 de fevereiro de 2014, todos dentro de uma vala.</p>\r\n\r\n<p><strong>Vingan&ccedil;a</strong></p>\r\n\r\n<p>Os assassinatos dos tr&ecirc;s homens teriam sido motivados por vingan&ccedil;a dos ind&iacute;genas devido a morte do cacique Ivan Tenharim, pai de dois dos r&eacute;us no processo criminal. O corpo do cacique Ivan foi encontrado em um trecho da rodovia BR-230 no dia 2 de dezembro de 2013, dias antes dos homic&iacute;dios.</p>\r\n\r\n<p><strong>Conflitos&nbsp;</strong></p>\r\n\r\n<p>As mortes dos tr&ecirc;s homens gerou conflitos s&eacute;ros naquela regi&atilde;o do sul do Amazonas. A reserva ind&iacute;gena Tenharim foi parcialmente invadida por um grupo de pessoas e os casebres de madeira onde os &iacute;ndios cobravam ped&aacute;gios foram incendiados. Ve&iacute;culos e pr&eacute;dios da Funai foram saqueados e incendiados.</p>\r\n\r\n<p>Do Acr&iacute;tica</p>\r\n', '2015-11-14 17:44:42', '', 'noticias/2015/11/justica-manda-soltar-indios-tenharim-acusados-de-matar-tres-em-humaita.jpg', 0, NULL, NULL, NULL),
	(10, 'caminhoneiros-fazem-buzinaco-em-rolim-de-moura', 'geral', 'Caminhoneiros fazem buzinaço em Rolim de Moura', 'A manifestação mostra o descontentamento da categoria com as atitudes do Governo Federal.', 'Assessoria', 'Portal Rolnews', 'sim', '<p>No in&iacute;cio da noite desta quinta-feira, 12, um grupo de caminhoneiros promoveu um buzina&ccedil;o pelas principais avenidas de Rolim de Moura. A manifesta&ccedil;&atilde;o, que durou quase duas horas, &eacute; por uma s&eacute;rie de fatores, entre elas o aumento dos impostos, da gasolina e &oacute;leo diesel. &nbsp;Em Rond&ocirc;nia, os caminhoneiros n&atilde;o aderiram &agrave; paralisa&ccedil;&atilde;o que ocorre em v&aacute;rios outros estados brasileiros, por&eacute;m manifestaram apoio aos companheiros de estrada.</p>\r\n\r\n<p>O buzina&ccedil;o tamb&eacute;m deixou claro o descontentamento dos caminhoneiros com a Medida Provis&oacute;ria, MP, anunciada pelo Governo Federal nesta ter&ccedil;a-feira, 10, que imp&otilde;e multa de R$ 5.746 para o caminhoneiro que bloquear uma BR. J&aacute; os organizadores de manifesta&ccedil;&otilde;es com bloqueio poder&atilde;o ser multados em R$ 19.154.</p>\r\n\r\n<p>Na internet diariamente surge v&iacute;deos de manifesta&ccedil;&otilde;es em v&aacute;rios locais do pa&iacute;s, o&nbsp;v&iacute;deo mais recente foi de um buzina&ccedil;o realizado em Bras&iacute;lia pr&oacute;ximo ao Pal&aacute;cio do Planalto, os caminhoneiros em seus manifestos, pedem a sa&iacute;da de&nbsp;Dilma Rousseff da presid&ecirc;ncia. Em Rolim de Moura n&atilde;o foi diferente, durante manifesta&ccedil;&atilde;o os gritos e mensagens de descontentamento com o governo chamaram a aten&ccedil;&atilde;o de quem passava pela Avenida 25 de Agosto e Norte Sul.</p>\r\n\r\n<p><strong>Medida Provis&oacute;ria do Governo Federal</strong></p>\r\n\r\n<p>Entre as san&ccedil;&otilde;es que ser&atilde;o endurecidas, tamb&eacute;m est&atilde;o a proibi&ccedil;&atilde;o, por dez anos, de o grevista reincidente receber incentivo de cr&eacute;dito para adquirir ve&iacute;culos. Outros pontos, como a suspens&atilde;o do direito de dirigir por 12 meses e apreens&atilde;o do ve&iacute;culo, que j&aacute; est&atilde;o previstos no C&oacute;digo Nacional de Tr&acirc;nsito, continuam valendo.<br />\r\n<br />\r\nOutro trecho inclu&iacute;do no texto permite que a Pol&iacute;cia Rodovi&aacute;ria Federal (PRF) contrate guinchos particulares para remover os ve&iacute;culos que bloquearem vias. O custo com os guinchos ser&aacute; pago pelo pr&oacute;prio motorista. De acordo com o ministro, entre segunda e ter&ccedil;a-feira foram aplicadas mais de 100 multas a caminhoneiros por bloqueios.</p>\r\n', '2015-11-14 17:45:57', '', 'noticias/2015/11/caminhoneiros-fazem-buzinaco-em-rolim-de-moura.jpg', 0, NULL, NULL, NULL),
	(11, 'chapa-1-vence-eleicoes-do-conselho-regional-de-farmacia-em-rondonia', 'geral', 'Chapa 1 vence eleições do Conselho Regional de Farmácia, em Rondônia', '', 'Assessoria', 'Portal Rolnews', 'sim', '<p>Em elei&ccedil;&atilde;o realizada de forma in&eacute;dita, durante 48h ininterruptas, via internet, a chapa 1 Inovar com Experi&ecirc;ncia foi eleita para a composi&ccedil;&atilde;o da nova Diretoria do Conselho Regional de Farm&aacute;cia de Rond&ocirc;nia (CRF-RO) para o bi&ecirc;nio 2016/2017. A chapa era formada pelos farmac&ecirc;uticos Adelmo Clementino (presidente), Simone Ferro (vice), Nelson Pereira (secret&aacute;rio-geral) e Acilon Almeida (tesoureiro).<br />\r\n<br />\r\nNa mesma elei&ccedil;&atilde;o, a farmac&ecirc;utica L&eacute;rida Vieira foi reconduzida ao cargo de conselheira federal de Farm&aacute;cia por Rond&ocirc;nia, tendo como suplente Geyza Cristina. Ap&oacute;s a reelei&ccedil;&atilde;o, L&eacute;rida Vieira afirmou que o trabalho do grupo Inovar com Experi&ecirc;ncia, tanto em Rond&ocirc;nia quanto junto ao Conselho Federal (CFF) em Bras&iacute;lia, ser&aacute; voltado &agrave; valoriza&ccedil;&atilde;o da profiss&atilde;o farmac&ecirc;utica, e de cada profissional do Estado, al&eacute;m dos acad&ecirc;micos de farm&aacute;cia, para que tenham respeito e confian&ccedil;a no CRF/RO.</p>\r\n\r\n<p>&nbsp;</p>\r\n', '2015-11-14 18:06:41', '', 'noticias/2015/11/chapa-1-vence-eleicoes-do-conselho-regional-de-farmacia-em-rondonia.jpg', 0, NULL, NULL, NULL),
	(12, 'dnit-atende-pedido-de-raupp-e-vistoria-rodovias-em-rondonia', 'politica', 'DNIT atende pedido de Raupp e vistoria rodovias em Rondônia', '', 'Assessoria', 'Portal Rolnews', 'sim', '<p>Miss&atilde;o oficial composta por t&eacute;cnicos do Departamento Nacional de Infraestrutura Rodovi&aacute;ria (DNIT), Pol&iacute;cia Rodovi&aacute;ria Federal (PRF), parlamentares federais e estaduais e municipais seguiram nesta quinta-feira (11) em vistoria &agrave;s obras da rodovia BR-429, que liga a rodovia BR-364, em Presidente M&eacute;dici a Costa Marques, na fronteira com a Bol&iacute;via. De l&aacute;, a comitiva segue a Guajar&aacute; Mirim para vistoriar outra estrada, a BR-425.</p>\r\n\r\n<p>O objetivo das vistorias &eacute; fazer um levantamento t&eacute;cnico minucioso sobre a qualidade e o andamento das obras nestas duas estradas federais que cortam Rond&ocirc;nia. Na BR-429, as aten&ccedil;&otilde;es se voltam &agrave;s constru&ccedil;&otilde;es de 15 pontes em concreto no trecho entre Alvorada do Oeste e Costa Marques. Quanto a BR-425 a vistoria se atenta &agrave; restaura&ccedil;&atilde;o completa da via, que une Porto Velho a Guajar&aacute; Mirim, tamb&eacute;m fronteira com a Bol&iacute;via.</p>\r\n\r\n<p>&ldquo;Estas visitas s&atilde;o uma forma de acompanharmos mais de perto as obras. Com isso vamos escrever um relat&oacute;rio para cobrarmos mais agilidade nos servi&ccedil;os&rdquo;, afirma o superintendente do DNIT para Rond&ocirc;nia e Acre S&eacute;rgio Mamanny, um dos integrantes da miss&atilde;o oficial.</p>\r\n\r\n<p>A miss&atilde;o oficial atende aos requerimentos da deputada federal Marinha Raupp (114/2055, da Comiss&atilde;o de Via&ccedil;&atilde;o e Transportes da C&acirc;mara dos Deputados) e do senador Valdir Raupp (066/2015, da Comiss&atilde;o de Servi&ccedil;os de Infraestrutura do Senado Federal) aprovados pela C&acirc;mara dos Deputados e Senado Federal, respectivamente.<br />\r\nCom a deputada Marinha Raupp e o senador Valdir Raupp, se juntaram &agrave; miss&atilde;o oficial o diretor de infraestrutura rodovi&aacute;ria do DNIT Luiz Ant&ocirc;nio Elret Garcia, a superintendente do Patrim&ocirc;nio Hist&oacute;rico Nacional e Cultural (IPHAN) Monica Castro, o secret&aacute;rio executivo da Comiss&atilde;o de Via&ccedil;&atilde;o e Transporte da C&acirc;mara dos Deputados Admar Santos, o consultor t&eacute;cnico da C&acirc;mara dos Deputados T&aacute;rcio Freitas e o inspetor Oliveira, da PRF.</p>\r\n\r\n<p>&ldquo;Esta rodovia da Integra&ccedil;&atilde;o ser&aacute; mais um facilitador de com&eacute;rcio exterior entre Rond&ocirc;nia e a Bol&iacute;via&rdquo;, avalia o vice-governador Daniel Pereira, que teve a companhia dos deputados estaduais Airton Gurgacz, Laerte Gomes, Lebr&atilde;o, Edson Martins e Neidson, do vice-prefeito de Ji-Paran&aacute; Marcito Pinto e do vereador Edilson Vieira nas vistorias das rodovias.</p>\r\n\r\n<p>Na pr&oacute;xima semana nova miss&atilde;o parlamentar segue de Rond&ocirc;nia com destino a cidade de Trinidad, no Departamento de Beni, na Bol&iacute;via. A viagem tem car&aacute;ter de estreitamento de rela&ccedil;&otilde;es internacionais com foco no com&eacute;rcio exterior entre Rond&ocirc;nia e aquele Pa&iacute;s. A viagem ser&aacute; terrestre pela Rodovia de Integra&ccedil;&atilde;o Brasil-Bol&iacute;via (BR-429).</p>\r\n', '2015-11-14 18:19:27', '', 'noticias/2015/11/dnit-atende-pedido-de-raupp-e-vistoria-rodovias-em-rondonia.jpg', 0, NULL, NULL, NULL),
	(13, 'ataques-terroristas-em-paris-deixam-dezenas-de-mortos', 'geral', 'Ataques terroristas em Paris deixam dezenas de mortos', '', 'Assessoria', 'G1', 'sim', '<p>Explos&otilde;es ocorreram pr&oacute;ximo ao Stade de France, em&nbsp;Paris, na noite de sexta (13), durante um jogo entre as sele&ccedil;&otilde;es da Fran&ccedil;a e Alemanha. Al&eacute;m disso, tr&ecirc;s tiroteios simult&acirc;neos - entre eles um ataque &agrave; casa de show Bataclan - deixaram 112 mortos, segundo a prefeitura de Paris. Dezenas de pessoas ficaram feridas em outros pontos da cidade, segundo a pol&iacute;cia parisiense.</p>\r\n\r\n<p>O presidente franc&ecirc;s, Fran&ccedil;ois Hollande, afirmou em declara&ccedil;&atilde;o em rede nacional que est&aacute; declarado estado de emerg&ecirc;ncia em toda a Fran&ccedil;a e que as fronteiras ser&atilde;o fechadas.</p>\r\n\r\n<p>O vice-prefeito de Paris, Patrick Krugman, afirmou que v&aacute;rios ataques aconteceram ao mesmo tempo. Ele disse que houve &quot;entre seis e sete locais de ataques no centro de Paris e fora.</p>\r\n\r\n<p>&Agrave;s 21h40 (hor&aacute;rio de Bras&iacute;lia), a pol&iacute;cia invadiu a casa de espet&aacute;culos Bataclan, onde mais de 100 pessoas estavam sendo mantidas ref&eacute;ns, ap&oacute;s relatos de que pessoas estariam sendo executadas. Dois terroristas foram mortos na a&ccedil;&atilde;o. Segundo a refeitura, 70 pessoas morreram no local. A ag&ecirc;ncia France Presse diz que s&atilde;o cerca de 100. Dez minutos antes da invas&atilde;o, a Reuters afirmava que foram ouvidas cinco explos&otilde;es perto do local.</p>\r\n\r\n<p>O local fica no boulevard Voltaire, no 11&ordm; arrondissement e era palco de um show da banda Eagles of the Death Metal. A banda postou no Facebook: &ldquo;Ainda estamos tentando determinar a seguran&ccedil;a e o paradeiro da nossa banda e equipe. Nossos pensamentos est&atilde;o com todas as pessoas envolvidas nesta situa&ccedil;&atilde;o tr&aacute;gica&rdquo;</p>\r\n\r\n<p><strong>Testemunhas</strong><br />\r\nSegundo um dos jornalistas do jornal &quot;Lib&eacute;ration&quot;, que cita um policial no local, um homem no interior do Bataclan teria explosivos.</p>\r\n\r\n<p>O jornal tamb&eacute;m citou o relato de um jornalista da &quot;Europe1&quot;, que estava no interior do Bataclan nesta noite: &quot;V&aacute;rios indiv&iacute;duos armados entraram no meio do show&quot;, afirmou. &quot;Dois ou tr&ecirc;s indiv&iacute;duos n&atilde;o mascarados entraram com armas autom&aacute;ticas do tipo kalachnikov e come&ccedil;aram a atirar no p&uacute;blico&quot;. O jornalista disse, ainda, que a a&ccedil;&atilde;o durou de 10 a 15 minutos e que os atiradores eram jovens.</p>\r\n\r\n<p>Um usu&aacute;rio do Facebook postou que estava dentro da casa de shows Bataclan. &ldquo;Feridos graves! Est&atilde;o atacando mais r&aacute;pido. H&aacute; sobreviventes no interior. Eles est&atilde;o assassinando todo mundo. Um por um. No primeiro andar, r&aacute;pido!&rdquo;, escreveu Benjamin Cazenoves. Em seguida ele postou que havia &quot;cad&aacute;veres por todo lado&quot;. &quot;&Eacute; um massacre&quot;.</p>\r\n\r\n<hr />\r\n<p>- Explos&otilde;es pr&oacute;ximo ao Stade de France, em Paris, durante jogo entre as sele&ccedil;&otilde;es da Fran&ccedil;a e Paris<br />\r\n<br />\r\n- Tr&ecirc;s tiroteios aconteceram em outros pontos da cidade<br />\r\n<br />\r\n- A prefeitura parisiense afirmaram que h&aacute; 112 mortos, sendo 70 deles na casa de espet&aacute;culos Bataclan. A pol&iacute;cia fala que h&aacute; dezenas de feridos em outros pontos da cidade<br />\r\n<br />\r\n- Obama se pronunciou a favor da Fran&ccedil;a dizendo que os EUA est&atilde;o prontos para ajudar a Fran&ccedil;a a &quot;responder&quot; ao ocorrido</p>\r\n\r\n<p>- O presidente da Fran&ccedil;a,&nbsp;Fran&ccedil;ois Hollande, declarou em rede nacional que o pa&iacute;s vai declarar estado de emerg&ecirc;ncia e que as fronteiras ser&atilde;o fechadas. Cinco linhas de metr&ocirc; de Paris est&atilde;o fechadas<br />\r\n<br />\r\n- Segundo a assessoria do Itamaraty, h&aacute; dois brasileiros feridos nos atentados<br />\r\n<br />\r\n- Pol&iacute;cia francesa invade a sala de concertos do Bataclan e mata dois terroristas</p>\r\n\r\n<p>- O vice-prefeito de Paris afirmou que houve &quot;entre seis e sete locais de ataques no centro de Paris e fora&quot;</p>\r\n\r\n<hr />\r\n<p>Ao jornal &quot;Le Figaro&quot;, uma testemunha contou que viu dois homens armados entrarem no Bataclan. &quot;Eles estavam armados, vestidos normalmente: eles atiraram no exterior e no interior da sala&quot;, afirmou a testemunha.</p>\r\n\r\n<p>O jornalista franc&ecirc;s Erwan Desplanques afirmou, em sua conta to Twitter, que um amigo que conseguiu escapar do Bataclan disse que havia cinco ou seis atiradores no local e que eles mencionaram a S&iacute;ria.</p>\r\n\r\n<p>Outra testemunha da invas&atilde;o ao Bataclan disse &agrave; r&aacute;dio France Info que os atiradores dispararam contra o p&uacute;blico gritando &ldquo;Al&aacute; Akbar&rdquo; (&ldquo;Al&aacute; &eacute; grande&rdquo;, em portugu&ecirc;s). &ldquo;Eu e minha m&atilde;e conseguimos fugir do Batacla (...), evitamos os disparos, havia muita gente por todas as partes no solo&rdquo;, disse o jovem chamado Louis. &ldquo;Uns indiv&iacute;duos chegaram, come&ccedil;aram a disparar na entrada. Dispararam contra a mulid&atilde;o gritando &lsquo;Al&aacute; Akbar&rsquo;, acho que com espingardas&rdquo;.</p>\r\n\r\n<p><strong>Alerta</strong><br />\r\nA pol&iacute;cia emitiu um alerta, pedindo que os parisienses n&atilde;o deixem suas casas, &quot;a n&atilde;o ser em caso de absoluta necessidade&quot;. Lugares p&uacute;blicos devem refor&ccedil;ar a seguran&ccedil;a nas entradas e acolher aqueles que estiverem em necessidade. A pol&iacute;cia tamb&eacute;m ordenou que se interrompam as manifesta&ccedil;&otilde;es e eventos em &aacute;reas externas.</p>\r\n\r\n<p>Em Paris, os hospitais entraram em &quot;Plano Branco&quot;, um estado de emerg&ecirc;ncia e crise, segundo o &quot;Le Monde&quot;. Cinco linhas de metr&ocirc; tiveram seus servi&ccedil;os interrompidos.</p>\r\n\r\n<p>Segundo a BBC, um homem usando uma arma autom&aacute;tica abriu fogo no restaurante Petit Cambodge no 10&ordm; arrondissement, deixando ao menos sete feridos. A Reuters afirma que duas pessoas morreram ali.</p>\r\n', '2015-11-14 18:21:25', '', NULL, 0, NULL, NULL, NULL),
	(14, 'prefeitura-de-santa-luzia-divulga-edital-de-convocacao-do-ultimo-concurso', 'politica', 'Prefeitura de Santa Luzia divulga edital de Convocação do último Concurso', '', 'Assessoria', 'Portal Rolnews', 'sim', '<p>A prefeitura de Santa Luzia divulgou edital 021 que convoca mais um aprovado no ultimo concurso aplicado em 2014 em Santa Luzia D&#39;oeste. A vaga &eacute; para o cargo de Agente Administrativo.&nbsp;</p>\r\n\r\n<p>Os candidatos dever&atilde;o apresentar junto o Departamento de Recursos Humanos da Prefeitura de Santa Luzia D Oeste/RO , no prazo de 30(trinta) dias de segunda a sexta feira (exceto s&aacute;bado e domingo) no hor&aacute;rio das 07:00 as 13:00 horas improrrog&aacute;vel.</p>\r\n\r\n<p>Baixar o arquivo em PDF &nbsp;<a href="http://santaluzia.ro.gov.br/media/k2/attachments/EDITAL_DE_CONVOCACAO_021_2015.pdf" target="_blank">EDITAL_DE_CONVOCACAO_021_2015.pdf</a></p>\r\n', '2015-11-14 18:22:21', '', 'noticias/2015/11/prefeitura-de-santa-luzia-divulga-edital-de-convocacao-do-ultimo-concurso.jpg', 0, NULL, NULL, NULL),
	(15, 'ex-presidente-da-assembleia-carlao-de-oliveira-passara-por-novo-processo-cirurgico', 'politica', 'Ex-presidente da Assembleia, Carlão de Oliveira, passará por novo processo cirúrgico', '', 'Assessoria', 'Portal Rolnews', 'sim', '<p>O deputado Jean Oliveira informou &agrave; imprensa que seu pai, o ex-deputado e ex-presidente da Assembleia Legislativa do Estado de Rond&ocirc;nia, Carl&atilde;o de Oliveira, passar&aacute; por outro processo cir&uacute;rgico para o implante de duas pontes de safena e duas mam&aacute;rias, pois, &nbsp;duas das suas art&eacute;rias coron&aacute;rias encontram-se quase obstru&iacute;das (99% e 97% de obstru&ccedil;&atilde;o).</p>\r\n\r\n<p>As pontes de safena e mam&aacute;ria, tamb&eacute;m chamadas de cirurgias de revasculariza&ccedil;&atilde;o do mioc&aacute;rdio, s&atilde;o um tipo de cirurgia card&iacute;aca na qual se faz uma ponte por cima do local com estreitamento ou obstru&iacute;do. Com isto h&aacute; uma melhora no fluxo sangu&iacute;neo e oxig&ecirc;nio ao cora&ccedil;&atilde;o. Utiliza-se a art&eacute;ria mam&aacute;ria (localizada no t&oacute;rax) e/ou um segmento da veia safena (localizada na perna) para a realiza&ccedil;&atilde;o destas pontes.</p>\r\n\r\n<p>Carl&atilde;o de Oliveira sofreu um ataque card&iacute;aco no &uacute;ltimo dia 5 de outubro.&nbsp; Ele passou mal em sua casa, na capital, foi socorrido pelos &nbsp;filhos e levado para Unidade de Pronto Atendimento (UPA) da Zona Sul. De l&aacute;, seguiu para o Hospital Central, onde foi submetido a um cateterismo. Teve uma recupera&ccedil;&atilde;o r&aacute;pida, &nbsp;mas,&nbsp; faz-se necess&aacute;rio submeter-se &agrave; cirurgia para o implante das pontes.</p>\r\n\r\n<p>O deputado Jean Oliveira, de quem o ex-presidente da Assembleia &eacute; pai, disse que &eacute; dif&iacute;cil submeter&nbsp; Carl&atilde;o de Oliveira &agrave;s regras m&eacute;dicas e obediente as determina&ccedil;&otilde;es de mudan&ccedil;a de h&aacute;bitos,&nbsp; por ele ser um tanto &ldquo;teimoso&rdquo;, mas mesmo assim, est&aacute; seguindo &agrave; risca as determina&ccedil;&otilde;es m&eacute;dicas. &ldquo; A fam&iacute;lia decidiu e o pai compreendeu que nesse momento ele precisa d&aacute; uma parada e recuperar sua sa&uacute;de. &Eacute; isso que estamos fazendo e vamos fazer&rdquo;, disse o parlamentar.</p>\r\n\r\n<p>&nbsp;</p>\r\n', '2015-11-14 18:23:03', '', 'noticias/2015/11/ex-presidente-da-assembleia-carlao-de-oliveira-passara-por-novo-processo-cirurgico.jpg', 0, NULL, NULL, NULL),
	(16, 'rondonia-e-o-segundo-estado-com-menor-indice-de-desemprego-no-brasil', 'geral', 'Rondônia é o segundo estado com menor índice de desemprego no Brasil', '', 'Assessoria', 'Portal Rolnews', 'sim', '<p>Mesmo diante de um cen&aacute;rio de crise econ&ocirc;mica no pa&iacute;s, o estado de Rond&ocirc;nia ainda &eacute; um lugar que oferta muitas oportunidades para quem est&aacute; &agrave; procura de emprego. De acordo com o&nbsp;Cadastro Geral do Emprego e Desemprego (Caged), o &iacute;ndice de desemprego em Rond&ocirc;nia &eacute; de 4.6%, o segundo menor do Brasil, perdendo apenas para o estado de Santa Catarina, que apresenta um &iacute;ndice de 4%.</p>\r\n\r\n<p>Por meio da parceria com o Governo Federal, pelo Programa Nacional de Acesso ao Ensino T&eacute;cnico e Emprego (Pronatec- Trabalhador) e o Sistema S, o Sine Rond&ocirc;nia promove qualifica&ccedil;&atilde;o profissional para 4.200 trabalhadores em 10 munic&iacute;pios do estado. S&atilde;o eles: Ariquemes, Vilhena, Espig&atilde;o do Oeste, Rolim de Moura, Ouro Preto, Jaru, Colorado do Oeste, Cerejeiras, Presidente M&eacute;dici, Buritis e Porto Velho.</p>\r\n\r\n<p>Cleudson da Silva Andrade tem 35 anos e trabalha como auxiliar de pedreiro. Como a procura de emprego nesta &aacute;rea est&aacute; bem maior do que a oferta, Cleudson resolveu mudar de &aacute;rea. Ele fez um curso com dura&ccedil;&atilde;o de dois meses para piloto de voadeira. &ldquo;Fiquei sabendo que o Sine ofertava uma vaga para piloto de voadeira, como acabei de tirar minha habilita&ccedil;&atilde;o pela Marinha do Brasil para pilotar esse tipo de embarca&ccedil;&atilde;o, tratei logo de vir aqui, pleitear essa vaga. Optei por me preparar e mudar de &aacute;rea, j&aacute; que na constru&ccedil;&atilde;o estava ficando dif&iacute;cil&rdquo;, declarou.</p>\r\n\r\n<p>Os cursos mais procurados pelos trabalhadores na capital s&atilde;o os de soldador, mestre de obras, cozinheiro, pizzaiolo e t&eacute;cnico de refrigera&ccedil;&atilde;o e climatiza&ccedil;&atilde;o. J&aacute; nos munic&iacute;pios do interior, que tem como maior potencial econ&ocirc;mico o agroneg&oacute;cio, os trabalhadores est&atilde;o procurando se especializar em &aacute;reas como horticultura org&acirc;nica, bovinocultura e piscicultura.</p>\r\n\r\n<p>&ldquo;At&eacute; o final deste ano, os trabalhadores que participam da qualifica&ccedil;&atilde;o j&aacute; ter&atilde;o conclu&iacute;do o Pronatec e com certeza ir&atilde;o alcan&ccedil;ar melhores vagas no mercado de trabalho&rdquo;, destacou Alan Fran&ccedil;a que o diretor do Sine Rond&ocirc;nia.</p>\r\n\r\n<p>Para participar do Pronatec, &eacute; preciso se dirigir at&eacute; uma sede do Sine, levando seus documentos pessoais (RG e CPF), al&eacute;m do comprovante de resid&ecirc;ncia, declara&ccedil;&atilde;o escolar e carteira de trabalho para realizar um pr&eacute;-cadastro com todas as informa&ccedil;&otilde;es do candidato e o curso que ele deseja fazer de acordo com a oferta. O cadastro do candidato &eacute; encaminhado as institui&ccedil;&otilde;es ofertantes dos cursos de qualifica&ccedil;&atilde;o, que fazem a sele&ccedil;&atilde;o e convoca&ccedil;&atilde;o dos candidatos. Dentre as institui&ccedil;&otilde;es ofertantes est&atilde;o Senar, Senac e Senai.</p>\r\n\r\n<p>O Sine atende diariamente cerca de 800 trabalhadores em 9 postos de atendimentos que est&atilde;o localizados nos munic&iacute;pios de Ariquemes, Rolim de Moura, Jaru, Ouro Preto do Oeste, Ji-Paran&aacute;, Cacoal, Pimenta Bueno, Vilhena e na capital Porto Velho. De janeiro a agosto deste ano o Sine encaminhou para o mercado de trabalho mais de 13 mil trabalhadores.</p>\r\n\r\n<p>INTERMEDIA&Ccedil;&Atilde;O DE M&Atilde;O DE OBRA</p>\r\n\r\n<p>Al&eacute;m de encaminhamento para o mercado de trabalho, entrada em seguro desemprego e qualifica&ccedil;&atilde;o profissional, o Sine, atrav&eacute;s da Intermedia&ccedil;&atilde;o de M&atilde;o de Obra (Imo), mant&eacute;m um relacionamento estreito com o empresariado local. &ldquo;Os empres&aacute;rios podem cadastrar suas ofertas de emprego junto a Sine, em qualquer unidade do Sistema, ou por telefone.&nbsp;Em Porto Velho, como a demanda &eacute; muito grande, contamos com duas equipes capacitadas que realizam visitas as empresas, nas quatro zonas da cidade para captar vagas&rdquo;, afirmou Ivan Rocha, chefe de n&uacute;cleo do Imo.&nbsp;</p>\r\n\r\n<p>Para o ano de 2016, o Sine, com investimentos do governo de Rond&ocirc;nia, vai&nbsp;ampliar os cursos de qualifica&ccedil;&atilde;o profissional para os trabalhadores e implantar uma pol&iacute;tica de humaniza&ccedil;&atilde;o no atendimento. &ldquo;Este ano conseguimos informatizar todas as unidades do Sine no estado, algumas ainda trabalhavam com o m&eacute;todo de preenchimento de ficha manual. Modernizar o atendimento j&aacute; foi um grande avan&ccedil;o, agora vamos trabalhar na capacita&ccedil;&atilde;o tanto do trabalhador que &eacute; o nosso p&uacute;blico, quanto dos servidores do Sine para que estes realizem um bom atendimento&rdquo;, finalizou Alan Fran&ccedil;a.</p>\r\n', '2015-11-14 18:23:40', '', 'noticias/2015/11/rondonia-e-o-segundo-estado-com-menor-indice-de-desemprego-no-brasil.jpg', 0, NULL, NULL, NULL),
	(17, 'exercito-apresenta-na-segunda-feira-o-sistema-integrado-de-monitoramento-de-fronteiras-em-rondonia', 'geral', 'Exército apresenta na segunda-feira o Sistema Integrado de Monitoramento de Fronteiras em Rondônia', '', 'Assessoria', 'Portal Rolnews', 'sim', '<p>Pol&iacute;ticos, autoridades, empres&aacute;rios e segmentos da sociedade civil organizada estar&atilde;o reunidos na pr&oacute;xima segunda-feira (16), em um Simp&oacute;sio, ocasi&atilde;o em que o Ex&eacute;rcito Brasileiro ir&aacute; apresentar o Sistema Integrado de Monitoramento de Fronteiras (Sisfron) para a popula&ccedil;&atilde;o de Rond&ocirc;nia. O evento ser&aacute; realizado a partir das 9h, no Teatro O Guapor&eacute; (anexo ao Pal&aacute;cio das Artes), Rua Tabajara, bairro Olaria, em Porto Velho.</p>\r\n\r\n<p>De acordo com o chefe da sess&atilde;o de Opera&ccedil;&otilde;es da 17&ordf; Brigada de Infantaria de Selva Pr&iacute;ncipe da Beira, major Rafael Novaes da Concei&ccedil;&atilde;o, o Sisfron foi desenvolvido pelo Ex&eacute;rcito Brasileiro e consiste em uma rede de sensores que s&atilde;o colocados sobre a linha de fronteira, interligada &agrave;s unidades operacionais com capacidade de dar resposta em tempo real aos problemas detectados.</p>\r\n\r\n<p>Segundo o major Novaes, essa tecnologia &eacute; muito importante para o Estado de Rond&ocirc;nia, pois al&eacute;m de auxiliar no combate ao il&iacute;cito tamb&eacute;m ser&aacute;&nbsp;utilizada de forma compartilhada e integrada com outras institui&ccedil;&otilde;es, como no controle sanit&aacute;rio, melhoria da capacidade de intelig&ecirc;ncia, preven&ccedil;&atilde;o &agrave; biopirataria, preserva&ccedil;&atilde;o ambiental, melhoramento da sa&uacute;de, pesquisas, ensino a dist&acirc;ncia entre outros benef&iacute;cios. &ldquo;A estrutura que ser&aacute; disponibilizada para o projeto contar&aacute; com tecnologias de ponta que ir&aacute; atender tamb&eacute;m a outras institui&ccedil;&otilde;es&rdquo;, afirmou.</p>\r\n\r\n<p>Ele disse que o sistema exige um aporte tecnol&oacute;gico, e para isso requer recursos expressivos que ser&atilde;o liberados pelo governo Federal. &ldquo;Por isso &eacute; importante que segmentos da sociedade entendam a import&acirc;ncia do projeto para que possamos implant&aacute;-lo em Rond&ocirc;nia&rdquo;, disse o major Novaes, ressaltando a import&acirc;ncia da uni&atilde;o da classe pol&iacute;tica, autoridades, empres&aacute;rios e segmentos da sociedade civil organizada durante a apresenta&ccedil;&atilde;o do projeto.</p>\r\n\r\n<p>O Simp&oacute;sio contar&aacute; com a presen&ccedil;a do chefe do Estado-Maior do Ex&eacute;rcito (EME), general S&eacute;rgio&nbsp;Westphalen Etchegoyen; e do general-de-brigada, Guido Amim Naves, que&nbsp;ir&aacute; falar &nbsp;sobre o projeto e seus benef&iacute;cios, n&atilde;o s&oacute; no combater ao crime, mas tamb&eacute;m na melhoria da qualidade de vida da popula&ccedil;&atilde;o, que poder&aacute; ser beneficiada com uma s&eacute;rie de servi&ccedil;os do Sisfron. Em seguida haver&aacute; uma&nbsp;segunda palestra que ser&aacute; ministrada pelo general-de-brigada, Ruy Yutaka Matsuda, que comanda a Brigada do Mato Grosso do Sul, onde o Sistema j&aacute; foi implantado. Al&eacute;m do general e comandante da 17&ordf; Brigada&nbsp;de Infantaria de Selva Pr&iacute;ncipe da Beira que recepcionar&aacute; as autoridades juntamente com o Governo do Estado.</p>\r\n', '2015-11-14 18:24:41', '', 'noticias/2015/11/exercito-apresenta-na-segunda-feira-o-sistema-integrado-de-monitoramento-de-fronteiras-em-rondonia.jpg', 0, NULL, NULL, NULL),
	(18, 'pf-implode-area-de-garimpo-ilegal-no-mato-grosso', 'policial', 'PF implode área de garimpo ilegal no Mato Grosso', '', 'Assessoria', 'Mídia News', 'sim', '<p>A implos&atilde;o das galerias, t&uacute;neis e buracos abertos durante a extra&ccedil;&atilde;o ilegal de ouro na &aacute;rea conhecida como Serra do Caldeir&atilde;o, no munic&iacute;pio de &nbsp;Pontes e Lacerda ( 483 km a Oeste de Cuiab&aacute;), teve in&iacute;cio nesta sexta-feira (13). A informa&ccedil;&atilde;o &eacute; da Pol&iacute;cia Federal.</p>\r\n\r\n<p>&nbsp;</p>\r\n\r\n<p>&nbsp;O local, explorado por mais de cinco mil pessoas em per&iacute;odo de quase tr&ecirc;s meses, foi desocupado na &uacute;ltima ter&ccedil;a-feira (10) por for&ccedil;as policiais, em cumprimento a uma determina&ccedil;&atilde;o da Justi&ccedil;a Federal, proferida no &uacute;ltimo dia 19 de outubro.</p>\r\n\r\n<p>Segundo a Pol&iacute;cia Federal, uma empresa especializada foi contratada para implodir os t&uacute;neis e demais &aacute;reas abertas pelos garimpeiros.</p>\r\n\r\n<p>&nbsp;A PF diz que &eacute; necess&aacute;rio a implos&atilde;o para evitar que as pessoas voltem a invadir a &aacute;rea&nbsp;e evitar desmoronamentos e acidentes no local.</p>\r\n\r\n<p>A expectativa, conforme a Pol&iacute;cia Federal, &nbsp;&eacute; que at&eacute; o in&iacute;cio da tarde a opera&ccedil;&atilde;o seja finalizada.</p>\r\n\r\n<p><strong>Per&iacute;cia&nbsp;</strong></p>\r\n\r\n<p>Uma equipe composta por servidores do Instituto Brasileiro do Meio Ambiente e dos Recursos Naturais Renov&aacute;veis (Ibama), Secretaria de Estado de Meio Ambiente de Mato Grosso (Sema-MT) e Departamento Nacional de Produ&ccedil;&atilde;o Mineral (DNPM) realizou na quarta-feira (11) e quinta-feira (12) per&iacute;cias ambientais na &aacute;rea explorada pelos garimpeiros.</p>\r\n\r\n<p>&nbsp;A principal preocupa&ccedil;&atilde;o dos &oacute;rg&atilde;os &eacute; quanto a contamina&ccedil;&atilde;o de toda a rede de abastecimento de &aacute;gua do munic&iacute;pio, em raz&atilde;o do merc&uacute;rio utilizado &nbsp;pelos garimpeiros para a extra&ccedil;&atilde;o ilegal do ouro.</p>\r\n\r\n<p>O resultado da per&iacute;cia ainda n&atilde;o foi divulgado.</p>\r\n\r\n<p><strong>Desbloqueio da BR-174&nbsp;</strong></p>\r\n\r\n<p><a href="http://www.midianews.com.br/storage/webdisco/2015/11/11/886x590/8f2ea0b932f8e78052a6e3ff70889e73.jpg"><img alt="Bloqueio" src="http://www.midianews.com.br/storage/webdisco/2015/11/11/438x291/8f2ea0b932f8e78052a6e3ff70889e73.jpg" style="float:right; margin:0px 0px 0px 5px" /></a></p>\r\n\r\n<p>Ap&oacute;s dois dias, a rodovia federal BR-174, de acesso &agrave; Pontes e Lacerda, foi liberada na tarde de quinta-feira (12).</p>\r\n\r\n<p>&nbsp;A rodovia estava&nbsp;bloqueada por garimpeiros, em protesto pelo fechamento da &aacute;rea.</p>\r\n\r\n<p>A desocupa&ccedil;&atilde;o foi realizada de forma pac&iacute;fica, sem confrontos. Os militares continuam no local para manuten&ccedil;&atilde;o da ordem.&nbsp;</p>\r\n\r\n<p><strong>&nbsp;Desocupa&ccedil;&atilde;o</strong></p>\r\n\r\n<p>A decis&atilde;o pelo fechamento do garimpo deu-se devido &agrave; aus&ecirc;ncia de autoriza&ccedil;&atilde;o&nbsp; por parte do Departamento Nacional de Produ&ccedil;&atilde;o Mineral (DNPM).</p>\r\n\r\n<p>&nbsp;A determina&ccedil;&atilde;o de encerramento das atividades no local &eacute; do juiz federal Francisco Ant&ocirc;nio de Moura J&uacute;nior, da 1&ordf; Vara da Subse&ccedil;&atilde;o de C&aacute;ceres.</p>\r\n\r\n<p>O magistrado atendeu o pedido proposto em uma a&ccedil;&atilde;o civil p&uacute;blica movida pelo Minist&eacute;rio P&uacute;blico Federal (MPF).</p>\r\n\r\n<p>&nbsp;Na decis&atilde;o, o magistrado determinou que os policiais permanecessem no local por mais 10 dias, ap&oacute;s a desocupa&ccedil;&atilde;o para que n&atilde;o haja uma nova invas&atilde;o na &aacute;rea.</p>\r\n\r\n<p>O juiz tamb&eacute;m determinou que os policiais fizessem a apreens&atilde;o de todo o min&eacute;rio de ouro extra&iacute;do e de todos os equipamentos, maquin&aacute;rios e instrumentos utilizados na extra&ccedil;&atilde;o e lavra do min&eacute;rio que foram encontrados no local.</p>\r\n\r\n<p><strong>&nbsp;Entenda o caso</strong></p>\r\n\r\n<p><strong>&nbsp;</strong>A corrida pelo ouro em Pontes e Lacerda foi confirmado pelo Governo do Estado no dia 12 de outubro.</p>\r\n\r\n<p>&nbsp;&Agrave; &eacute;poca, cerca de 600 pessoas invadiram a &aacute;rea ap&oacute;s a divulga&ccedil;&atilde;o de que uma grande quantidade de ouro foi encontrada.</p>\r\n\r\n<p>&nbsp;A dissemina&ccedil;&atilde;o de fotos e v&iacute;deos (muitos frutos de montagens falsas) nas redes sociais colaborou para intensificar a&nbsp; invas&atilde;o ao local, que chegou a receber mais de cinco mil pessoas, segundo informa&ccedil;&otilde;es da PF.</p>\r\n', '2015-11-14 18:26:59', '', 'noticias/2015/11/pf-implode-area-de-garimpo-ilegal-no-mato-grosso.jpg', 0, NULL, NULL, NULL),
	(19, 'acabou-a-paz-governo-exonera-todos-os-membros-de-secretaria', 'politica', 'Acabou a Paz:Governo exonera todos os membros de Secretaria', '', 'Assessoria', 'Rondoniaovivo', 'sim', '<p>De uma canetada s&oacute;, o governador do estado de Rond&ocirc;nia, Conf&uacute;cio Moura (PMDB), exonerou as trinta e sete pessoas que ocupavam os cargos na Superintend&ecirc;ncia Estadual de Promo&ccedil;&atilde;o da PAZ (SEPAZ). Moura n&atilde;o poupou ningu&eacute;m. Quem encabe&ccedil;a a lista, publicada no Di&aacute;rio Oficial do Estado do dia 10 de novembro &eacute; Florisvaldo Alves da Silva, agora ex- superintendente.</p>\r\n\r\n<p>Os exonerados v&atilde;o ficar desempregados por pouco tempo. O governo j&aacute; prepara a nomea&ccedil;&atilde;o de toda a equipe na mesma fun&ccedil;&atilde;o, por&eacute;m com outra nomeclatura, Superintend&ecirc;ncia de Estado de Pol&iacute;ticas sobre Drogas.</p>\r\n\r\n<p>A Assessoria de Imprensa do governo de Rond&ocirc;nia informou que n&atilde;o houve extin&ccedil;&atilde;o da SEPAZ, mas uma reformula&ccedil;&atilde;o administrativa, aprovada pelos deputados estaduais.</p>\r\n\r\n<p>Ainda de acordo com a assessoria, o grupo deve ser nomeado at&eacute; o fim de novembro, mas manteve os trabalhos voltados para atender pessoas com depend&ecirc;ncia qu&iacute;mica.</p>\r\n', '2015-11-14 18:28:13', '', 'noticias/2015/11/acabou-a-paz-governo-exonera-todos-os-membros-de-secretaria.jpg', 0, NULL, NULL, NULL),
	(20, 'empresarios-investem-milhoes-na-construcao-do-shopping-em-cacoal', 'geral', 'Empresários investem milhões na construção do shopping em Cacoal', 'Depois de pronto, o empreendimento irá gerar mais de 800 empregos na cidade.', 'Assessoria', 'Tribuna Popular', 'sim', '<p>Cacoal vem crescendo a cada dia e com isso v&aacute;rios empres&aacute;rios est&atilde;o vindo de diversos lugares do Brasil para investirem aqui. Entre eles est&aacute; uma das maiores redes de lojas, a Havan, que ser&aacute; instalada no munic&iacute;pio. Outra loja que deve chegar &agrave; cidade no pr&oacute;ximo ano &eacute; as Casas Bahia. Segundo o secret&aacute;rio de Ind&uacute;stria e Com&eacute;rcio de Cacoal,Gustavo Reis, estas informa&ccedil;&otilde;es n&atilde;o se tratam de boatos, s&atilde;o verdadeiras!</p>\r\n\r\n<p>&ldquo;A Casas Bahia est&aacute; se programando para 2016. Se forem ampliar a rede, a empresa j&aacute; garantiu que Cacoal ser&aacute; uma das cidades escolhidas, tudo vai depender do momento econ&ocirc;mico. J&aacute; a Havan n&atilde;o &eacute; boato! J&aacute; est&aacute; confirmada, o espa&ccedil;o separado e tudo pronto. S&oacute; falta o parecer final da empresa para executar as obras&rdquo;, explicou Gustavo.</p>\r\n\r\n<p>Enquanto isso outras obras j&aacute; est&atilde;o a todo vapor. O Shopping Cacoal &eacute; um investimento de mais de R$40 milh&otilde;es. O respons&aacute;vel pela obra em Cacoal &eacute; um empres&aacute;rio de Rolim de Moura, Ednilson Cor&aacute; Caleiro. Segundo o administrador da constru&ccedil;&atilde;o, a expectativa &eacute; que a obra seja entregue at&eacute; outubro de 2016.</p>\r\n\r\n<p>&ldquo;Temos uma dificuldade neste per&iacute;odo em rela&ccedil;&atilde;o &agrave;s chuvas, mas temos planos para entregar o mais r&aacute;pido poss&iacute;vel. Temos um espa&ccedil;o de 27 mil metros quadrados &nbsp;e estamos usando apenas 21. Isso quer dizer que futuramente teremos mais seis mil metros para amplia&ccedil;&atilde;o. Com isso pretendemos trazer grandes lojas de fama nacional, para Cacoal&rdquo;, destacou.</p>\r\n\r\n<p>O Shopping que est&aacute; sendo constru&iacute;do no terreno da antiga R&aacute;dio Rond&ocirc;nia, no bairro Floresta, ter&aacute; estacionamento para 700 ve&iacute;culos, supermercado, tr&ecirc;s salas de cinema, lojas e uma pra&ccedil;a de alimenta&ccedil;&atilde;o. Ainda no projeto est&aacute; sendo analisada uma poss&iacute;vel pista de boliche.</p>\r\n\r\n<p>Depois de pronto, o empreendimento ir&aacute; gerar mais de 800 empregos na cidade. Hoje cerca de 100 homens est&atilde;o trabalhando na constru&ccedil;&atilde;o da obra, um deles &eacute; o Marcio dos Santos Pereira que mora na frente do servi&ccedil;o.</p>\r\n\r\n<p>&ldquo;Quando eu fiquei sabendo que ia ser constru&iacute;do um Shopping ai eu corri pra c&aacute;. Eu sou o primeiro funcion&aacute;rio a ser registrado por esta empresa e isso &eacute; muito bom, pois moro aqui na frente e sempre estou perto da minha fam&iacute;lia. Quando a obra ficar pronta eu vou continuar trabalhando por aqui em algum espa&ccedil;o desses&rdquo;, contou Marcio.</p>\r\n\r\n<p>Para o secret&aacute;rio Gustavo, Cacoal agora pode se tornar um local de turismo de compras, j&aacute; que haver&aacute; na cidade diversas op&ccedil;&otilde;es. &ldquo;Quando a gente tem um empres&aacute;rio que investe em nosso munic&iacute;pio, isso mostra o potencial de Cacoal. Aqui ter&aacute; uma imensa comodidade, o projeto &eacute; perfeito e isso mostra que Cacoal ir&aacute; virar turismo de compra. Moradores de outros munic&iacute;pios vir&atilde;o para c&aacute;, a id&eacute;ia &eacute; que cidades vizinhas venham comprar aqui, aumentando empregos e aumentando renda para a nossa cidade&rdquo;, concluiu o secret&aacute;rio.</p>\r\n', '2015-11-14 18:29:29', '', 'noticias/2015/11/empresarios-investem-milhoes-na-construcao-do-shopping-em-cacoal.jpg', 0, NULL, NULL, NULL),
	(21, 'redetv-rolim-de-moura-passa-a-operar-em-sinal-digital', 'geral', 'RedeTV! Rolim de Moura passa a operar em sinal digital', 'A emissora é a primeira a entrar em HD na cidade.', 'Assessoria', 'Portal Rolnews', 'sim', '<p>A Rede TV! Rolim de Moura passou a operar com o sinal digital nesta semana, a emissora foi uma das primeiras instaladas na capital Centro Sul do estado de Rond&ocirc;nia. Operando no canal 6 anal&oacute;gico, a RedeTV! Rolim passa a transmitir tamb&eacute;m no canal 6.1 digital.</p>\r\n\r\n<p>A emissora leva ao ar uma programa&ccedil;&atilde;o di&aacute;ria diversificada, tendo o jornalismo local como prioridade. Durante a semana a RedeTV! leva ao ar os programas Plant&atilde;o de Pol&iacute;cia, com informa&ccedil;&otilde;es policiais de todo o estado e regi&atilde;o, o Fala Rolim com not&iacute;cias gerais de Rolim de Moura e estado de Rond&ocirc;nia e aos s&aacute;bados&nbsp;o programa Mesa Redonda, com entrevistas sobre v&aacute;rios assuntos importantes em evid&ecirc;ncia na regi&atilde;o. Os programas s&atilde;o apresentados pelo Jornalista Adenilson Florentino.</p>\r\n\r\n<p>Al&eacute;m da RedeTV! as demais emissoras de Rolim de Moura tamb&eacute;m vem trabalhando para a implanta&ccedil;&atilde;o do sinal digital.</p>\r\n\r\n<p>Veja abaixo como sintonizar o sinal digital em seu televisor com ou sem conversor</p>\r\n\r\n<p><strong>Televisor com conversor integrado</strong><br />\r\n<br />\r\n&Eacute; muito f&aacute;cil assistir &agrave; TV Digital ABERTA e ver seus programas preferidos com uma imagem perfeita, livre de fantasmas e sem chuviscos.<br />\r\n<br />\r\nSe voc&ecirc; possui um televisor de LCD, LED ou plasma, voc&ecirc; precisa verificar primeiramente se ele foi fabricado ap&oacute;s 2010. Caso ele tenha sido fabricado depois de 2010, &eacute; bem prov&aacute;vel que ele j&aacute; possua o conversor digital embutido no televisor.<br />\r\n<br />\r\nNeste caso, basta conectar uma&nbsp;antena UHF no seu televisor na entrada ANTENA ou ANT IN.</p>\r\n\r\n<p>&nbsp;</p>\r\n\r\n<p><strong>Televisor de tubo (sem conversor integrado)</strong></p>\r\n\r\n<p>Se voc&ecirc; tem um televisor de tubo, voc&ecirc; tamb&eacute;m pode ter uma imagem de &oacute;tima qualidade proporcionada pela TV Digital Aberta. Neste caso, a imagem de seu televisor ser&aacute; equivalente ao de um DVD.<br />\r\n<br />\r\nBasta conectar um conversor digital na entrada de v&iacute;deo composto de seu televisor por meio de um cabo&nbsp;RCA.</p>\r\n\r\n<p>Por fim, conecte uma&nbsp;antena UHF, que dependendo de onde sua resid&ecirc;ncia est&aacute; localizada, poder&aacute; ser interna ou externa.</p>\r\n\r\n<p>Clique aqui&nbsp;para mais informa&ccedil;&otilde;es sobre qual antena usar.<br />\r\n<br />\r\nAbaixo, elaboramos um guia r&aacute;pido para instalar o conversor digital. Mas antes de come&ccedil;ar a instalar o conversor, retire o seu televisor da tomada el&eacute;trica.</p>\r\n\r\n<p><strong>1) Painel traseiro do televisor:</strong></p>\r\n\r\n<p><a href="http://www.dtv.org.br/images/PA071173-ampliada.jpg" target="_blank"><img alt="PA071173" src="http://www.dtv.org.br/images/PA071173.jpg" style="border-style:initial; border-width:0px; height:auto; margin-left:0px" /></a></p>\r\n\r\n<p>&nbsp;</p>\r\n\r\n<p><strong>2) Painel traseiro do conversor:</strong><br />\r\n<a href="http://www.dtv.org.br/images/CIMG9991-ampliada.jpg" target="_blank"><img alt="CIMG9991" src="http://www.dtv.org.br/images/CIMG9991.jpg" style="border-style:initial; border-width:0px; height:auto; margin-left:0px" /></a></p>\r\n\r\n<p>&nbsp;</p>\r\n\r\n<p><strong>3) Encaixar o cabo RCA (amarelo, vermelho e branco) nos conectores de mesma cor no televisor (amarelo com amarelo, vermelho com vermelho e branco com branco). O cabo RCA vem junto com o conversor e voc&ecirc; n&atilde;o precisa se preocupar em compr&aacute;-lo separadamente:</strong></p>\r\n\r\n<p><a href="http://www.dtv.org.br/images/PA071187-ampliada.jpg" target="_blank"><img alt="PA071187" src="http://www.dtv.org.br/images/PA071187.jpg" style="border-style:initial; border-width:0px; height:auto; margin-left:0px" /></a></p>\r\n\r\n<p>&nbsp;</p>\r\n\r\n<p><strong>4) No conversor, h&aacute; mais de um conector com a mesma cor. Ent&atilde;o, voc&ecirc; deve encaixar o cabo vermelho no conector vermelho com a inscri&ccedil;&atilde;o R. O cabo branco voc&ecirc; deve encaixar no conector branco com a letra L. Por fim, o cabo amarelo voc&ecirc; dever&aacute; encaix&aacute;-lo no conector amarelo com a inscri&ccedil;&atilde;o CVBS.</strong><br />\r\n<a href="http://www.dtv.org.br/images/PA081304-ampliada.jpg" target="_blank"><img alt="PA081304" src="http://www.dtv.org.br/images/PA081304.jpg" style="border-style:initial; border-width:0px; height:auto; margin-left:0px" /></a></p>\r\n', '2015-11-14 18:30:45', '', 'noticias/2015/11/redetv-rolim-de-moura-passa-a-operar-em-sinal-digital.jpg', 0, NULL, NULL, NULL),
	(22, 'correios', 'geral', 'Correios', '', 'Assessoria', 'Isto É', 'sim', '<p>O novo presidente dos Correios, Giovanni Queiroz, estima um rombo de mais de R$ 900 milh&otilde;es nas contas em 2015. Ser&aacute; a primeira vez em 20 anos que a empresa fechar&aacute; o balan&ccedil;o no vermelho.</p>\r\n\r\n<p>Dois dias ap&oacute;s assumir o cargo, Queiroz disse ao Estado que os Correios est&atilde;o na UTI. &quot;A situa&ccedil;&atilde;o &eacute; de emerg&ecirc;ncia. N&atilde;o adianta jogar para debaixo da mesa&quot;, afirmou. &quot;J&aacute; operei em condi&ccedil;&otilde;es precar&iacute;ssimas e salvei algumas vidas com o seguinte ensinamento: o paciente chegou em coma, voc&ecirc; n&atilde;o tem que pensar em anestesia. Abre a barriga dele, grampeia o polo de sangramento, e depois voc&ecirc; cuida do resto, sen&atilde;o ele morre&quot;, disse Queiroz, que &eacute; m&eacute;dico.</p>\r\n\r\n<p>Ele n&atilde;o evitou cr&iacute;ticas ao governo, respons&aacute;vel por represar por dois anos o pre&ccedil;o das tarifas. Em 2014, houve reajuste de 7%, que n&atilde;o compensou a infla&ccedil;&atilde;o. &quot;Precisamos emergencialmente aumentar essas tarifas. Voc&ecirc; n&atilde;o pode ficar tanto tempo defasado. &Eacute; a mesma estrat&eacute;gia que o governo usou com a Petrobr&aacute;s, com a energia. Hoje, estamos pagando a conta do passado.&quot;</p>\r\n\r\n<p>Em 2014, para o balan&ccedil;o fechar azul, os Correios reverteram uma parte da provis&atilde;o feita h&aacute; seis anos, no valor de R$ 1,086 bilh&atilde;o, reserva para cobrir d&eacute;ficits do Postalis, o fundo de pens&atilde;o dos funcion&aacute;rios da estatal. Assim, a empresa terminou 2014 com lucro de R$ 9,9 milh&otilde;es, o menor da hist&oacute;ria.</p>\r\n\r\n<p>Ele reconheceu que os Correios est&atilde;o com servi&ccedil;os e produtos defasados e com ritmo de aumento de despesas superior ao das receitas. &quot;Ainda n&atilde;o houve diminui&ccedil;&atilde;o no n&uacute;mero de postagens de cartas, mas a tend&ecirc;ncia &eacute; que a internet substitua a correspond&ecirc;ncia impressa, da conta de luz &agrave; carta de amor&quot;, disse.</p>\r\n\r\n<p>Ele criticou o prazo de dez dias para a entrega de um Sedex, que representa um ter&ccedil;o de tudo o que a empresa fatura com servi&ccedil;os. Citou como exemplo o prazo de dez dias para entregar um Sedex de Bras&iacute;lia para Reden&ccedil;&atilde;o, no Par&aacute;, enquanto a empresa privada concorrente entrega no dia seguinte. Tamb&eacute;m cobrou melhor atendimento nas ag&ecirc;ncias. &quot;Os Correios podem gastar at&eacute; R$ 300 milh&otilde;es em propaganda e o cidad&atilde;o demora tr&ecirc;s horas na fila para despachar uma mercadoria. Est&aacute; errado.&quot;</p>\r\n\r\n<p>&nbsp;</p>\r\n\r\n<p>A primeira medida de Queiroz foi sugerir ao governo o corte do pr&oacute;prio sal&aacute;rio e dos vices. Na semana passada, o conselho de administra&ccedil;&atilde;o aprovou a redu&ccedil;&atilde;o do sal&aacute;rio do presidente, de R$ 46 mil para R$ 27,8 mil, e dos vices, de R$ 40 mil para R$ 24 mil. &quot;Aqui n&atilde;o &eacute; cargo para ficar rico. Se quer ficar rico, vai para a iniciativa privada.&quot;</p>\r\n\r\n<p>Ele foi prefeito, deputado estadual e deputado federal por tr&ecirc;s vezes pelo PDT. Perdeu as elei&ccedil;&otilde;es de 2014 e foi indicado para o cargo de secret&aacute;rio no Minist&eacute;rio do Trabalho. Para restabelecer a base no Congresso, a presidente refez a distribui&ccedil;&atilde;o dos minist&eacute;rios e deu ao PDT o Minist&eacute;rio das Comunica&ccedil;&otilde;es. &quot;Os Correios precisam se recuperar. &Eacute; o nome do partido que est&aacute; em jogo&quot;, afirmou. As informa&ccedil;&otilde;es s&atilde;o do jornal&nbsp;<strong>O Estado de S. Paulo.</strong></p>\r\n', '2015-11-14 18:31:25', '', 'noticias/2015/11/correios-estao-na-uti-e-terao-prejuizo-de-r-900-milhoes-diz-novo-presidente.jpg', 0, NULL, NULL, NULL),
	(23, 'autor-do-duplo-homicidio-do-caso-comercial-simone-e-mais-dois-fogem-da-penitenciaria-em-rolim', 'policial', 'Autor do duplo homicídio do caso Comercial Simone e mais dois fogem da penitenciária em Rolim', 'Quem tiver informações entrar em contato no 190.', 'Assessoria', 'Portal Rolnews', 'sim', '<p>Fugiram da penitenci&aacute;ria na madrugada deste s&aacute;bado, 14 em Rolim de Moura, Welliton Angelin, Marcos da Silva vulgo Chupa-Cabra e Sebasti&atilde;o de Lima Jaques Filho, condenado recentemente pelo crime de duplo homic&iacute;dio do casal do Comercial Simone.</p>\r\n\r\n<p>A Pol&iacute;cia Militar pede a quem tiver informa&ccedil;&otilde;es do paradeiro dos fugitivos, entrar em contato atrav&eacute;s do telefone 190, o sigilo ser&aacute; mantido.</p>\r\n\r\n<p>Dos tr&ecirc;s fugitivos, dois s&atilde;o considerados presos de alta periculosidade, a Pol&iacute;cia Militar refor&ccedil;ou as buscas.</p>\r\n\r\n<p><a href="http://2.bp.blogspot.com/-OKhAg1hQG1s/Vkd3oZWkaPI/AAAAAAAAEUM/3n5vfF9lrok/s1600/12227059_727517617349346_5155325421526436694_n.jpg"><img src="https://2.bp.blogspot.com/-OKhAg1hQG1s/Vkd3oZWkaPI/AAAAAAAAEUM/3n5vfF9lrok/s1600/12227059_727517617349346_5155325421526436694_n.jpg" style="height:1129px; width:884px" /></a><a href="http://4.bp.blogspot.com/-HtSdXrMgS0s/Vkd3oOVaAlI/AAAAAAAAEUI/MG67xFQFlrk/s1600/12241532_727517634016011_7155762454987109227_n.jpg"><img src="https://4.bp.blogspot.com/-HtSdXrMgS0s/Vkd3oOVaAlI/AAAAAAAAEUI/MG67xFQFlrk/s1600/12241532_727517634016011_7155762454987109227_n.jpg" style="height:919px; width:884px" /></a><a href="http://3.bp.blogspot.com/-nQKH5HMxn-s/Vkd35IZHQ8I/AAAAAAAAEUY/bi6jKbL4DYA/s1600/12243692_826595037438142_1872425988_n.jpg"><img src="https://3.bp.blogspot.com/-nQKH5HMxn-s/Vkd35IZHQ8I/AAAAAAAAEUY/bi6jKbL4DYA/s1600/12243692_826595037438142_1872425988_n.jpg" style="height:1179px; width:884px" /></a></p>\r\n', '2015-11-14 18:32:08', '', 'noticias/2015/11/autor-do-duplo-homicidio-do-caso-comercial-simone-e-mais-dois-fogem-da-penitenciaria-em-rolim.jpg', 0, NULL, NULL, NULL),
	(24, 'coordenacao-realiza-pit-stop-da-caminhada-passos-que-salvam-em-rolim-de-moura', 'geral', 'Coordenação realiza Pit Stop da Caminhada Passos que Salvam em Rolim de Moura', 'A caminhada acontece no dia 22 de novembro em mais de 370 cidades de todo o Brasil.', 'Assessoria', 'Portal Rolnews', 'sim', '<p>O Pit Stop teve in&iacute;cio as 8h30 da manh&atilde; na Avenida 25 de Agosto esquina com a Norte Sul, pr&oacute;ximo a rotat&oacute;ria, mais de cem carros receberam a fita laranjada simbolizando o marco da campanha. A caminhada acontece no dia 22 de novembro em&nbsp;370 cidades de todo o Brasil, em Rolim de Moura a concentra&ccedil;&atilde;o ser&aacute; &aacute;s 8h00 da manh&atilde; na Avenida Norte Sul em frente &agrave; Igreja Matriz.</p>\r\n\r\n<p>Durante o Pit Stop foram vendidos kits da caminhada, que cont&eacute;m Camiseta, Bon&eacute;, Cadar&ccedil;o e Garrafa de &Aacute;gua personalizadas com a cor e marca da campanha. A a&ccedil;&atilde;o contou com o apoio da Pol&iacute;cia Militar e Rotaract Club.</p>\r\n\r\n<p>Os kits ainda est&atilde;o dispon&iacute;veis na Falc&atilde;o Magazine e Sabrina Modas pelo valor de R$ 30,00 reais, todo o dinheiro arrecadado com os kits ser&atilde;o destinado ao Hospital de C&acirc;ncer Infanto-Juvenil de Barretos. No s&aacute;bado dia 21 haver&aacute; outro Pit Stop da Caminhada Passos que Salvam no mesmo local, o objetivo da a&ccedil;&atilde;o vai al&eacute;m de divulgar o evento, no Pit Stop tamb&eacute;m &eacute; entregue um panfleto com informa&ccedil;&otilde;es e alertas sobre os sintomas do C&acirc;ncer Infanto-Juvenil.</p>\r\n\r\n<p><a href="http://4.bp.blogspot.com/-vVR4C96x4cA/VkdY9iLj7UI/AAAAAAAAEQs/P0zPL3qt5Mg/s1600/IMG_6697.JPG"><img src="https://4.bp.blogspot.com/-vVR4C96x4cA/VkdY9iLj7UI/AAAAAAAAEQs/P0zPL3qt5Mg/s1600/IMG_6697.JPG" style="height:545px; width:902px" /></a></p>\r\n\r\n<p><a href="http://1.bp.blogspot.com/-DDU7RnwL0-U/VkdY9KhnQBI/AAAAAAAAEQk/QxqDt9s97d4/s1600/IMG_6701.JPG"><img src="https://1.bp.blogspot.com/-DDU7RnwL0-U/VkdY9KhnQBI/AAAAAAAAEQk/QxqDt9s97d4/s1600/IMG_6701.JPG" style="height:501px; width:902px" /></a></p>\r\n\r\n<p><a href="http://2.bp.blogspot.com/-rbFsp0PuDII/VkdY-wyRMXI/AAAAAAAAEQ0/7sRSCg0iC_g/s1600/IMG_6702.JPG"><img src="https://2.bp.blogspot.com/-rbFsp0PuDII/VkdY-wyRMXI/AAAAAAAAEQ0/7sRSCg0iC_g/s1600/IMG_6702.JPG" style="height:543px; width:902px" /></a></p>\r\n\r\n<p><a href="http://2.bp.blogspot.com/-l6ttNrw5irc/VkdZBnXL2XI/AAAAAAAAERE/GaIcSh3ZJtA/s1600/IMG_6703.JPG"><img src="https://2.bp.blogspot.com/-l6ttNrw5irc/VkdZBnXL2XI/AAAAAAAAERE/GaIcSh3ZJtA/s1600/IMG_6703.JPG" style="height:510px; width:902px" /></a></p>\r\n\r\n<p><a href="http://1.bp.blogspot.com/-P23mHYmhiVE/VkdZBJmIDmI/AAAAAAAAEQ8/gx8vp5pSYmY/s1600/IMG_6704.JPG"><img src="https://1.bp.blogspot.com/-P23mHYmhiVE/VkdZBJmIDmI/AAAAAAAAEQ8/gx8vp5pSYmY/s1600/IMG_6704.JPG" style="height:508px; width:902px" /></a></p>\r\n\r\n<p><a href="http://2.bp.blogspot.com/-XxJbSkbDnNo/VkdZCha3H3I/AAAAAAAAERM/ODLgdIsqAvo/s1600/IMG_6706.JPG"><img src="https://2.bp.blogspot.com/-XxJbSkbDnNo/VkdZCha3H3I/AAAAAAAAERM/ODLgdIsqAvo/s1600/IMG_6706.JPG" style="height:520px; width:902px" /></a></p>\r\n\r\n<p><a href="http://4.bp.blogspot.com/-KZKPU6zRhGE/VkdZDER7SNI/AAAAAAAAERQ/UWn5EZqrKuk/s1600/IMG_6708.JPG"><img src="https://4.bp.blogspot.com/-KZKPU6zRhGE/VkdZDER7SNI/AAAAAAAAERQ/UWn5EZqrKuk/s1600/IMG_6708.JPG" style="height:573px; width:902px" /></a></p>\r\n\r\n<p><a href="http://2.bp.blogspot.com/-6gP7qHJ_gmM/VkdZI_xhLTI/AAAAAAAAERk/e0Aaadmhsd0/s1600/IMG_6712.JPG"><img src="https://2.bp.blogspot.com/-6gP7qHJ_gmM/VkdZI_xhLTI/AAAAAAAAERk/e0Aaadmhsd0/s1600/IMG_6712.JPG" style="height:501px; width:902px" /></a></p>\r\n\r\n<p><a href="http://3.bp.blogspot.com/-qA247mEh8Ys/VkdZGW5gGSI/AAAAAAAAERc/EE8h-tgB1fU/s1600/IMG_6713.JPG"><img src="https://3.bp.blogspot.com/-qA247mEh8Ys/VkdZGW5gGSI/AAAAAAAAERc/EE8h-tgB1fU/s1600/IMG_6713.JPG" style="height:532px; width:902px" /></a></p>\r\n\r\n<p><a href="http://1.bp.blogspot.com/-nti858hJ520/VkdZLrlfsZI/AAAAAAAAERs/QLd_k5Lotho/s1600/IMG_6714.JPG"><img src="https://1.bp.blogspot.com/-nti858hJ520/VkdZLrlfsZI/AAAAAAAAERs/QLd_k5Lotho/s1600/IMG_6714.JPG" style="height:545px; width:902px" /></a></p>\r\n\r\n<p><a href="http://3.bp.blogspot.com/-Po65HcSSWZg/VkdZNsLjzZI/AAAAAAAAER8/i-Dw6ZPzq9Q/s1600/IMG_6715.JPG"><img src="https://3.bp.blogspot.com/-Po65HcSSWZg/VkdZNsLjzZI/AAAAAAAAER8/i-Dw6ZPzq9Q/s1600/IMG_6715.JPG" style="height:567px; width:902px" /></a></p>\r\n\r\n<p><a href="http://4.bp.blogspot.com/-DOQMtO4Qrao/VkdZOg2uX0I/AAAAAAAAESE/aHo5Cwvgl_g/s1600/IMG_6716.JPG"><img src="https://4.bp.blogspot.com/-DOQMtO4Qrao/VkdZOg2uX0I/AAAAAAAAESE/aHo5Cwvgl_g/s1600/IMG_6716.JPG" style="height:577px; width:902px" /></a></p>\r\n\r\n<p><a href="http://3.bp.blogspot.com/-Cysg35f3qG0/VkdZPhpFtgI/AAAAAAAAESM/XjaBtRhFJDg/s1600/IMG_6720.JPG"><img src="https://3.bp.blogspot.com/-Cysg35f3qG0/VkdZPhpFtgI/AAAAAAAAESM/XjaBtRhFJDg/s1600/IMG_6720.JPG" style="height:561px; width:902px" /></a></p>\r\n\r\n<p><a href="http://3.bp.blogspot.com/-MsyymyL8sH0/VkdZSvRyLsI/AAAAAAAAESU/swZtbCgsWMk/s1600/IMG_6724.JPG"><img src="https://3.bp.blogspot.com/-MsyymyL8sH0/VkdZSvRyLsI/AAAAAAAAESU/swZtbCgsWMk/s1600/IMG_6724.JPG" style="height:535px; width:902px" /></a></p>\r\n\r\n<p><a href="http://1.bp.blogspot.com/-PCELIUeEDF4/VkdZVq9ewpI/AAAAAAAAESc/dpTEJSZ6D7A/s1600/IMG_6726.JPG"><img src="https://1.bp.blogspot.com/-PCELIUeEDF4/VkdZVq9ewpI/AAAAAAAAESc/dpTEJSZ6D7A/s1600/IMG_6726.JPG" style="height:514px; width:902px" /></a></p>\r\n\r\n<p><a href="http://2.bp.blogspot.com/-rxgmXEhhD7g/VkdZ0WPUhjI/AAAAAAAAETc/PCSmhFFnVRc/s1600/IMG_6745.JPG"><img src="https://2.bp.blogspot.com/-rxgmXEhhD7g/VkdZ0WPUhjI/AAAAAAAAETc/PCSmhFFnVRc/s1600/IMG_6745.JPG" style="height:552px; width:902px" /></a></p>\r\n', '2015-11-14 18:32:56', '', 'noticias/2015/11/coordenacao-realiza-pit-stop-da-caminhada-passos-que-salvam-em-rolim-de-moura.jpg', 0, NULL, NULL, NULL),
	(25, 'mulher-e-morta-por-afogamento-em-rolim-policia-diz-que-marido-e-o-principal-suspeito', 'policial', 'Mulher é morta por afogamento em Rolim, Polícia diz que marido é o principal suspeito', '', 'Assessoria', 'Alerta Rolim', 'sim', '<p>Durante o in&iacute;cio da noite da &uacute;ltima quinta-feira (12), uma mulher foi morta por afogamento em um Riacho, localizado na Linha 180, km 01, lado Sul na Zona Rural do munic&iacute;pio de Rolim de Moura.</p>\r\n\r\n<p>O Corpo de Bombeiros foi acionado e uma Unidade de Resgate foi at&eacute; o local, por&eacute;m de acordo com os militares, constataram que a v&iacute;tima j&aacute; n&atilde;o mais apresentava sinais vitais, mesmo assim, tentaram resgatar a mesma at&eacute; o Hospital, sendo que em todo o trajeto foi realizado o processo de reanima&ccedil;&atilde;o, no entanto sem obter &ecirc;xito.</p>\r\n\r\n<p>A Pol&iacute;cia Militar tamb&eacute;m foi acionada e uma Guarni&ccedil;&atilde;o de R&aacute;dio Patrulha composta pelo Cabo Pinheiro, Soldados Aparecido e R. Martins foi at&eacute; o local.</p>\r\n\r\n<p>Segundo a vers&atilde;o do marido da v&iacute;tima dada aos policiais a respeito do fato, o mesmo teria dito que os dois estavam comendo e a todo tempo consumindo bebidas alco&oacute;licas, quando iniciaram uma briga e a mulher se jogou dentro de um riacho e o marido tentou ainda salva-la por&eacute;m n&atilde;o conseguiu.</p>\r\n\r\n<p>O marido passou a ser considerado suspeito, ap&oacute;s entrar em contradi&ccedil;&atilde;o, sendo que o riacho tinha cerca de apenas 40 cent&iacute;metros de profundidade, entre outras circunst&acirc;ncias.</p>\r\n\r\n<p>A v&iacute;tima foi identificada como Suzana Pereira de Souza de 24 anos de idade. Suzana possu&iacute;a passagens pela pol&iacute;cia por crime de homic&iacute;dio.&nbsp;</p>\r\n\r\n<p>Do Alerta Rolim</p>\r\n', '2015-11-14 18:33:24', '', 'noticias/2015/11/mulher-e-morta-por-afogamento-em-rolim-policia-diz-que-marido-e-o-principal-suspeito.jpg', 0, NULL, NULL, NULL),
	(26, 'hamilton-critica-estrategias-e-falta-de-ultrapassagens-na-f1', 'esporte', 'Hamilton critica estratégias e falta de ultrapassagens na F1', 'Atual tricampeão escreveu sobre os assuntos em sua coluna na BBC', 'Assessoria', 'Terra', 'sim', '<p>Lewis Hamilton&nbsp;fez um balan&ccedil;o da temporada 2015 da F&oacute;rmula&nbsp;1&nbsp;e se disse satisfeito com o seu desempenho. No entanto, ao analisar as provas em que foi batido pelo companheiro de equipe, Nico Rosberg, o ingl&ecirc;s disse que a depend&ecirc;ncia das estrat&eacute;gias e a dificuldade em ultrapassar&nbsp;s&atilde;o fatores negativos na F1 atual.</p>\r\n\r\n<p>&quot;A temporada teve alguns altos e baixos. Eu n&atilde;o a tive sempre nas m&atilde;os. &Eacute; este o jeito que as corridas devem ser. Nico esteve na pole nos &uacute;ltimos cinco GPs, e mesmo assim eu ganhei tr&ecirc;s deles. Isso diz muito sobre as corridas. E nas duas que eu n&atilde;o venci, eu estive junto dele por toda a prova, s&oacute; n&atilde;o tive oportunidade de ultrapassar&quot;, escreveu Hamilton.</p>\r\n\r\n<p>Para o tricampe&atilde;o, a F&oacute;rmula 1 atual est&aacute; muito focada na depend&ecirc;ncia das estrat&eacute;gias e em outros fatores al&eacute;m da disputa entre pilotos na pista. Para o piloto, isso &eacute; &quot;frustrante&quot;.</p>\r\n\r\n<p>&quot;A dificuldade em conseguir uma ultrapassagem &eacute; um dos aspectos da F1 que &eacute; frustrante. Nico e eu somos autorizados a correr um contra o outro, mas infelizmente o modo como as regras do esporte s&atilde;o definidas nos impedem de fazer isso. N&atilde;o dever&iacute;amos depender tanto das estrat&eacute;gias. A disputa deveria ser na pista&quot;, disse.</p>\r\n\r\n<p>&quot;O grande problema &eacute; que os seus pneus desgastam, e voc&ecirc; n&atilde;o consegue chegar muito perto do carro da frente por que a aerodin&acirc;mica do seu carro perde o balan&ccedil;o. Foi assim por anos e eu n&atilde;o sei por que mudan&ccedil;as n&atilde;o foram feitas para impedir esse tipo de situa&ccedil;&atilde;o&quot;, afirmou.</p>\r\n\r\n<p>&quot;A equipe n&atilde;o se importa muito em qual o tipo de corrida que temos, contanto que a gente chegue em primeiro e segundo. &Eacute; uma boa filosofia a se ter, mas talvez para os f&atilde;s n&atilde;o &eacute; o melhor. Mas este n&atilde;o &eacute; o centro do problema. Na verdade, s&atilde;o as regras. Eu espero que com as grandes mudan&ccedil;as para 2017 alguma coisa seja feita sobre isso&quot;, escreveu.</p>\r\n', '2015-11-26 23:08:51', '', 'noticias/2015/11/hamilton-critica-estrategias-e-falta-de-ultrapassagens-na-f1.jpg', 0, NULL, NULL, NULL),
	(27, 'williams-anuncia-lance-stroll-como-piloto-de-desenvolvimento', 'esporte', 'Williams anuncia Lance Stroll como piloto de desenvolvimento', 'Após rumores, piloto deixa Ferrari e se junta ao programa de jovens pilotos da equipe de Massa e Bottas', 'Assessoria', 'Terra', 'sim', '<p>O canadense&nbsp;Lance Stroll&nbsp;vai fazer parte do programa de jovens talentos da Williams a partir do pr&oacute;ximo ano. O jovem de 17 anos foi o quinto colocado na temporada deste ano na F3 europeia e tinha v&iacute;nculo anterior com a Ferrari.</p>\r\n\r\n<p>Mesmo com a boa coloca&ccedil;&atilde;o no mesmo campeonato que&nbsp;Pietro Fittipaldi&nbsp;e&nbsp;Sergio Camaraparticipa, Stroll chegou a ser exclu&iacute;do de uma das provas de Spa e participou de acidente impressionante uma semana antes, em Monza.</p>\r\n\r\n<p>A Williams anunciou que Stroll ter&aacute; &quot;tempo extenso no simulador, est&aacute;gios em v&aacute;rios departamentos de toda a f&aacute;brica, bem como a forma&ccedil;&atilde;o espec&iacute;fica nas &aacute;reas de engenharia de corrida e marketing.&quot;</p>\r\n\r\n<p>Apesar de coment&aacute;rios que davam conta de que o canadense migraria para a GP2, a Williams confirmou que o piloto continuar&aacute; na F3 na mesma equipe deste ano, a Prema. Antes, ele chegou a ser campe&atilde;o da F4 italiana e da Toyota Racing Series.</p>\r\n\r\n<p>&quot;Estamos comprometidos a usar todos os recursos poss&iacute;veis para ajudar jovens talentos a atingir todo potencial&quot;, disse Claire Williams, vice diretora do time.</p>\r\n\r\n<p>&quot;Tivemos muito sucesso nessa &aacute;rea, dando suporte a&nbsp;Valtteri Bottas&nbsp;para crescer e se desenvolver como piloto. Identificamos e Lance um talento promissor e estamos felizes em dar suporte em seu desenvolvimento como piloto.&quot;</p>\r\n\r\n<p>O novo contratado tamb&eacute;m falou: &quot;n&atilde;o vejo a hora de come&ccedil;ar a trabalhar na Williams. Tenho a esperan&ccedil;a de alcan&ccedil;ar grandes coisas juntos nos pr&oacute;ximos anos. &Eacute; um momento muito emocionante e crucial na minha curta carreira.&quot;</p>\r\n\r\n<p>&quot;Chegar &agrave; F1 sempre foi meu objetivo final. A Williams tem uma longa hist&oacute;ria de investir em novos pilotos, como&nbsp;David Coulthard,&nbsp;Jenson Button,&nbsp;Nico Rosberg,&nbsp;Nico Hulkenberg&nbsp;e Bottas. Este fator foi muito importante na hora de decidir ir para a Williams.&quot;</p>\r\n', '2015-11-26 23:10:42', 'https://www.youtube.com/watch?v=zD73cqvlog4', 'noticias/2015/11/williams-anuncia-lance-stroll-como-piloto-de-desenvolvimento.jpg', 0, NULL, NULL, NULL),
	(28, 'ariquemes-prestigia-a-caravana-siga-bem-em-grande-estilo', 'cultura', 'Ariquemes prestigia a Caravana Siga Bem em grande estilo', '', 'Assessoria', 'RondoniaVip', 'sim', '<p>A Prefeitura de Ariquemes, por meio da Funda&ccedil;&atilde;o de Cultura, Esporte e Lazer (Funcel) e Secretaria Municipal de Educa&ccedil;&atilde;o (Semed), participou da 9&ordf; Edi&ccedil;&atilde;o da Caravana Siga Bem Caminhoneiro, uma parceria que fez a 80&ordf; parada no Munic&iacute;pio, reunindo muitas pessoas que puderam prestigiar dan&ccedil;a, teatro, m&uacute;sica, de artistas da regi&atilde;o, e tudo ocorreu no Auto Posto 515, na BR 364.<br />\r\n<br />\r\nA caravana promoveu a&ccedil;&otilde;es de cidadania e entretenimento no Munic&iacute;pio no &uacute;ltimo final de semana, que recebeu a visita do maior projeto itinerante das estradas da Am&eacute;rica Latina.<br />\r\n<br />\r\nA&ccedil;&otilde;es como aferi&ccedil;&atilde;o de Press&atilde;o Arterial , -Testes r&aacute;pidos de HIV, S&iacute;filis e Hepatite B, -Vacina&ccedil;&atilde;o; apresenta&ccedil;&atilde;o de Projetos Sociais; Apresenta&ccedil;&atilde;o de Olodum da APAE; dan&ccedil;a da Escola Ireno A. Berticelli; Banda Musical Escola Prof. Magdalena; Capoeira e Teatro Escola Roberto Turbay; Pe&ccedil;a Teatral &ldquo;O Rato&rdquo; Escola Pingo de Gente; M&uacute;sica do Projeto Tocando e Cantando da Semed; Voz e Viol&atilde;o com Rafael Vargas; Bal&eacute; moderno sensa&ccedil;&atilde;o e sonho de bailarina; Dan&ccedil;a do Ventre; dan&ccedil;a Centro Conviver &ndash; PET; ciclo de Palestras/ Palestra Siga Bem Crian&ccedil;a &ndash; Conselho Tutelar; Palestra Siga Bem Mulher Creas Casa de Apoio; Cinema Rodovi&aacute;rio Pol&iacute;cia Rodovi&aacute;ria Federal; teatro da Caravana O Cassino Do Cupido &ndash; Pe&ccedil;a de Teatro com a Equipe Caravana Siga Bem, ocorreu no primeiro dia de eventos.<br />\r\n<br />\r\nJ&aacute; no segundo dia, as a&ccedil;&otilde;es de sa&uacute;de continuaram, como um trabalho de preven&ccedil;&atilde;o; como apresenta&ccedil;&otilde;es art&iacute;sticas, Projetos Sociais, Diego e Erica Voz e Viol&atilde;o; Teatro Secretaria de Educa&ccedil;&atilde;o (Semed), Marcos Ferreira Voz e Viol&atilde;o, Jaqueline Silva Voz e Viol&atilde;o, Hip e Hop Eduardo e Cia; Dan&ccedil;a do Ventre; Bal&eacute;; M&uacute;sica; Coreografia Jazz Like Dance; Coreografia Jazz Um dia de Ver&atilde;o; M&uacute;sica &ndash; Del Costa; ciclo de Palestras/ Palestra Siga Bem Crian&ccedil;a &ndash; Conselho Tutelar; Cinema Rodovi&aacute;rio &ndash; Pol&iacute;cia Rodovi&aacute;ria Federal; Teatro da Caravana O Cassino Do Cupido &ndash; Pe&ccedil;a de Teatro com a Equipe Caravana Siga Bem e encerramento com show Sertanejo ao vivo com Andr&eacute; e Andre&iacute;lson. Foi uma festa de encerramento em grande estilo!</p>\r\n', '2015-11-26 23:14:09', '', 'noticias/2015/11/ariquemes-prestigia-a-caravana-siga-bem-em-grande-estilo.jpg', 0, NULL, NULL, NULL),
	(29, 'festcineamazonia-leva-alegria-em-dose-dupla-com', 'cultura', 'Festcineamazônia leva alegria em dose dupla com', 'Projeto faz parte da programação do festival e contará com filmes com temáticas lúdicas e apresentação de palhaços', 'Assessoria', 'RondoniaVip', 'sim', '<p>Cinema em todos os cantos. Poderia ser esse o slogan que mais caracteriza o Festcineamaz&ocirc;nia, o festival de cinema que h&aacute; 13 anos insere Rond&ocirc;nia no mapa dos festivais brasileiros voltados ao audiovisual. Programado para ocorrer entre os dias 6 e 10 de outubro, ter&aacute; sess&otilde;es de cinema em escolas, bairros de periferia, terreiro de candombl&eacute;, teatro e no circo. A apresenta&ccedil;&atilde;o ser&aacute; no Circo Cortez, na pr&oacute;xima ter&ccedil;a-feira, 6 de outubro, a partir das 20h.<br />\r\n<br />\r\nO Cinema no Circo, por sinal, j&aacute; se tornou uma das op&ccedil;&otilde;es mais aguardadas pelos moradores de bairros mais afastados de Porto Velho, a capital rondoniense. O motivo &eacute; simples. Al&eacute;m da exibi&ccedil;&atilde;o de filmes, h&aacute; sempre uma apresenta&ccedil;&atilde;o circense, com palha&ccedil;os de v&aacute;rios pontos do Brasil e da Am&eacute;rica do Sul a cada ano encantando o p&uacute;blico. Na edi&ccedil;&atilde;o 2015, o espet&aacute;culo ficar&aacute; a cargo da dupla peruana Figurita e Farolito.<br />\r\nO Circo Cortez foi montado num campo de futebol de v&aacute;rzea conhecido como Jatuarana, no bairro do Eldorado. Como o p&uacute;blico costuma, nesse momento, ser composto primordialmente por crian&ccedil;as com os pais, a programa&ccedil;&atilde;o dos filmes &eacute; mais leve, com muitos filmes de anima&ccedil;&atilde;o.<br />\r\n<br />\r\nSegundo Fernanda Kopanakis, uma das orgnanizadoras do Festcineamaz&ocirc;nia, o ambiente circense propicia uma experi&ecirc;ncia l&uacute;dica ao p&uacute;blico. &ldquo;No circo as pessoas se permitem sorrir, n&atilde;o importa &agrave; experi&ecirc;ncia de vida, a idade ou a condi&ccedil;&atilde;o social. Quando elas s&atilde;o colocadas naquele ambiente, &eacute; como se voltassem a um tempo em que elas poderiam sonhar sem preocupa&ccedil;&otilde;es, mesmo que por alguns instantes&rdquo;, explica.<br />\r\n<br />\r\nOs palha&ccedil;os peruanos, Figurita e Farolito j&aacute; se acostumaram com o p&uacute;blico do festival. Nos &uacute;ltimos meses acompanharam a vers&atilde;o itinerante do Festcineamaz&ocirc;nia, inclusive com apresenta&ccedil;&otilde;es no pa&iacute;s natal.<br />\r\n<br />\r\nAs apresenta&ccedil;&otilde;es acabam por resultar em momentos emocionantes. Em 2011, a apresenta&ccedil;&atilde;o do palha&ccedil;o Kuxixo, de Hudson Rocha, foi posterior &agrave; exibi&ccedil;&atilde;o do filme &lsquo;O Palha&ccedil;o&rsquo;, de Selton Melo, &agrave;s margens do Rio Madeira na comunidade de Cujubim Grande, que estava sob amea&ccedil;a de desaparecer por conta das obras de uma hidrel&eacute;trica. &Eacute; o tipo de emo&ccedil;&atilde;o que o circo, ao se unir com o cinema, pode proporcionar. O Circo no Cinema tem entrada gratuita.</p>\r\n', '2015-11-26 23:15:08', '', 'noticias/2015/11/festcineamazonia-leva-alegria-em-dose-dupla-com.jpg', 0, NULL, NULL, NULL);
/*!40000 ALTER TABLE `noticias` ENABLE KEYS */;


-- Copiando estrutura para tabela _rolnews_2015.noticias_categoria
DROP TABLE IF EXISTS `noticias_categoria`;
CREATE TABLE IF NOT EXISTS `noticias_categoria` (
  `id_categoria` int(11) NOT NULL AUTO_INCREMENT,
  `categoria` varchar(100) NOT NULL,
  `url_name` varchar(100) NOT NULL,
  PRIMARY KEY (`id_categoria`)
) ENGINE=InnoDB AUTO_INCREMENT=6 DEFAULT CHARSET=utf8 COMMENT='Categorias das Noticias';

-- Copiando dados para a tabela _rolnews_2015.noticias_categoria: ~5 rows (aproximadamente)
/*!40000 ALTER TABLE `noticias_categoria` DISABLE KEYS */;
REPLACE INTO `noticias_categoria` (`id_categoria`, `categoria`, `url_name`) VALUES
	(1, 'POLITICA', 'politica'),
	(2, 'ESPORTE', 'esporte'),
	(3, 'CULTURA', 'cultura'),
	(4, 'POLICIAL', 'policial'),
	(5, 'GERAL', 'geral');
/*!40000 ALTER TABLE `noticias_categoria` ENABLE KEYS */;


-- Copiando estrutura para tabela _rolnews_2015.usuarios
DROP TABLE IF EXISTS `usuarios`;
CREATE TABLE IF NOT EXISTS `usuarios` (
  `id` int(11) NOT NULL AUTO_INCREMENT,
  `nome` varchar(50) NOT NULL,
  `email` varchar(50) NOT NULL,
  `data_nasc` date DEFAULT NULL,
  `sexo` int(1) DEFAULT NULL,
  `login` varchar(50) NOT NULL,
  `senha` varchar(50) NOT NULL,
  `foto` varchar(250) DEFAULT NULL,
  `ativo` varchar(1) DEFAULT 's',
  `nivel` int(1) DEFAULT NULL,
  `cont_acesso` int(11) unsigned DEFAULT '0',
  `ip` varchar(30) DEFAULT NULL,
  `ultimo_acesso` timestamp NULL DEFAULT NULL,
  `qm_cadastr` int(9) DEFAULT NULL,
  `dt_cadastr` timestamp NULL DEFAULT CURRENT_TIMESTAMP,
  `qm_alterou` int(9) DEFAULT NULL,
  `dt_alterou` timestamp NULL DEFAULT NULL,
  PRIMARY KEY (`id`),
  UNIQUE KEY `login` (`login`),
  KEY `id` (`id`)
) ENGINE=InnoDB AUTO_INCREMENT=54 DEFAULT CHARSET=utf8 COMMENT='Armazena informações dos usuarios do painel';

-- Copiando dados para a tabela _rolnews_2015.usuarios: ~2 rows (aproximadamente)
/*!40000 ALTER TABLE `usuarios` DISABLE KEYS */;
REPLACE INTO `usuarios` (`id`, `nome`, `email`, `data_nasc`, `sexo`, `login`, `senha`, `foto`, `ativo`, `nivel`, `cont_acesso`, `ip`, `ultimo_acesso`, `qm_cadastr`, `dt_cadastr`, `qm_alterou`, `dt_alterou`) VALUES
	(1, 'Creative Websites', 'suporte@creativewebsites.com.br', '2015-02-14', 1, 'creative', '19d910ef608e4947aa0c6dcee352a3e8', 'usuarios/2015/03/creative.jpeg', 's', 1, 40, '::1', '2015-02-13 22:33:25', 1, NULL, 1, '2015-03-25 21:57:12'),
	(53, 'Sergio Augusto Cortez Ferreira', 'caquirm@gmail.com', '1972-03-14', 1, 'sergio', '79d8a1497fee797644db4f1faf517cd6', 'usuarios/2015/03/sergio.png', 's', 1, 0, NULL, NULL, NULL, '2015-03-28 02:02:45', NULL, '2015-03-28 02:05:10');
/*!40000 ALTER TABLE `usuarios` ENABLE KEYS */;


-- Copiando estrutura para tabela _rolnews_2015.videos
DROP TABLE IF EXISTS `videos`;
CREATE TABLE IF NOT EXISTS `videos` (
  `id` int(11) NOT NULL AUTO_INCREMENT,
  `url_name` varchar(255) NOT NULL,
  `titulo` varchar(250) NOT NULL,
  `url` varchar(50) DEFAULT NULL,
  `link` varchar(50) DEFAULT NULL,
  `destaque` varchar(3) DEFAULT NULL,
  `autor` varchar(50) DEFAULT NULL,
  `data` timestamp NULL DEFAULT NULL,
  `foto` varchar(250) DEFAULT NULL,
  `qm_cadastr` int(9) DEFAULT NULL,
  `dt_cadastr` timestamp NULL DEFAULT CURRENT_TIMESTAMP,
  `qm_alterou` int(9) DEFAULT NULL,
  `dt_alterou` timestamp NULL DEFAULT NULL,
  PRIMARY KEY (`id`)
) ENGINE=InnoDB AUTO_INCREMENT=26 DEFAULT CHARSET=utf8 COMMENT='Armazena informações de cadastro de videos.';

-- Copiando dados para a tabela _rolnews_2015.videos: ~11 rows (aproximadamente)
/*!40000 ALTER TABLE `videos` DISABLE KEYS */;
REPLACE INTO `videos` (`id`, `url_name`, `titulo`, `url`, `link`, `destaque`, `autor`, `data`, `foto`, `qm_cadastr`, `dt_cadastr`, `qm_alterou`, `dt_alterou`) VALUES
	(13, '2-feira-do-artesao-de-rolim-de-moura', '2ª Feira do Artesão de Rolim de Moura', 'https://www.youtube.com/watch?v=Ai-Yu2lNKVg', 'Ai-Yu2lNKVg', 'nao', 'Marketing ACIRM Digital', '2015-03-20 23:50:23', 'http://i1.ytimg.com/vi/Ai-Yu2lNKVg/hqdefault.jpg', 1, '2015-03-23 22:14:23', 1, '2015-03-23 23:22:01'),
	(16, 'como-elaborar-um-plano-de-negocios-mat-cpt-do-sebrae', 'Como Elaborar Um Plano de Negócios - Mat.Cpt do SEBRAE', 'https://www.youtube.com/watch?v=k-MLkiSNWeg', 'k-MLkiSNWeg', 'nao', 'Sebrae', '2015-06-17 09:20:02', 'http://i1.ytimg.com/vi/k-MLkiSNWeg/hqdefault.jpg', 53, '2015-03-29 09:56:08', 53, NULL),
	(17, 'no-meio-do-caminho-tinha-uma-pedra', 'No meio do caminho tinha uma pedra', 'https://www.youtube.com/watch?v=49Z6WS_v8Zk&list=P', '49Z6WS_v8Zk', 'nao', 'Sebrae', '2015-06-17 09:19:46', 'http://i1.ytimg.com/vi/49Z6WS_v8Zk/hqdefault.jpg', 53, '2015-03-29 10:01:31', 53, NULL),
	(18, 'comemoracao-do-dia-das-maes', 'Comemoração do dia das Mães', 'http://www.youtube.com/watch?v=HjFNPuR8CAo&feature', 'HjFNPuR8CAo', 'nao', 'Marketing ACIRM Digital', '2015-05-07 18:08:27', 'http://i1.ytimg.com/vi/HjFNPuR8CAo/hqdefault.jpg', 53, '2015-05-07 17:58:29', 53, NULL),
	(19, 'voce-e-mais-forte-do-que-imagina', 'Você é mais forte do que imagina', 'http://www.youtube.com/watch?v=iz52rFnufPg', 'iz52rFnufPg', 'nao', 'Les Brown Eric, Thomas, Steve Jobs,Louis Zamperini', '2015-12-05 18:08:37', 'http://i1.ytimg.com/vi/iz52rFnufPg/hqdefault.jpg', 53, '2015-05-12 09:43:56', 53, NULL),
	(20, 'o-campeao-de-vendas', 'O Campeão de Vendas', 'http://www.youtube.com/watch?v=d3A6RB4NIso', 'd3A6RB4NIso', 'nao', 'Alfredo Rocha', '2015-05-12 08:46:03', 'http://i1.ytimg.com/vi/d3A6RB4NIso/hqdefault.jpg', 53, '2015-05-12 09:46:03', NULL, NULL),
	(21, 'david-camelo-tecnica-de-vendas', 'David Camelô - Técnica de Vendas', 'http://www.youtube.com/watch?v=Qcu0dLSFD5M', 'Qcu0dLSFD5M', 'nao', 'Davi Camelô', '2015-05-12 08:47:46', 'http://i1.ytimg.com/vi/Qcu0dLSFD5M/hqdefault.jpg', 53, '2015-05-12 09:47:46', NULL, NULL),
	(22, 'motivacao-sucesso', 'Motivação Sucesso', 'http://www.youtube.com/watch?v=7-gpoQiyGkA', '7-gpoQiyGkA', 'nao', 'Thirty Seconds to Mars', '2015-06-17 09:19:34', 'http://i1.ytimg.com/vi/7-gpoQiyGkA/hqdefault.jpg', 53, '2015-05-18 19:16:01', 53, NULL),
	(23, 'cultura-e-tudo', 'CULTURA É TUDO', 'https://www.youtube.com/watch?v=jVvVa-2bydU', 'jVvVa-2bydU', 'nao', 'Tv Bandeirantes', '0000-00-00 00:00:00', 'http://i1.ytimg.com/vi/jVvVa-2bydU/hqdefault.jpg', 53, '2015-06-17 10:16:40', 53, NULL),
	(24, 'compre-do-pequeno-negocio', 'Compre do Pequeno Negócio', 'https://www.youtube.com/watch?v=w1kKmr2tETE', 'w1kKmr2tETE', 'nao', 'Sebrae', '0000-00-00 00:00:00', 'http://i1.ytimg.com/vi/w1kKmr2tETE/hqdefault.jpg', 53, '2015-08-18 08:46:51', 53, NULL),
	(25, 'jantar-de-lancamento-promocao-ano-novo-premiado', 'Jantar de Lançamento Promoção Ano Novo Premiado', 'https://www.youtube.com/watch?v=cDd3Ux1aZo0', 'cDd3Ux1aZo0', 'sim', 'Marketing ACIRM', '0000-00-00 00:00:00', 'http://i1.ytimg.com/vi/cDd3Ux1aZo0/hqdefault.jpg', 53, '2015-08-28 11:27:49', 53, NULL);
/*!40000 ALTER TABLE `videos` ENABLE KEYS */;


-- Copiando estrutura para tabela _rolnews_2015.ws_siteviews
DROP TABLE IF EXISTS `ws_siteviews`;
CREATE TABLE IF NOT EXISTS `ws_siteviews` (
  `siteviews_id` int(11) NOT NULL AUTO_INCREMENT,
  `siteviews_date` date NOT NULL,
  `siteviews_users` decimal(10,0) NOT NULL,
  `siteviews_views` decimal(10,0) NOT NULL,
  `siteviews_pages` decimal(10,0) NOT NULL,
  PRIMARY KEY (`siteviews_id`),
  KEY `idx_1` (`siteviews_date`)
) ENGINE=InnoDB AUTO_INCREMENT=12 DEFAULT CHARSET=utf8;

-- Copiando dados para a tabela _rolnews_2015.ws_siteviews: ~11 rows (aproximadamente)
/*!40000 ALTER TABLE `ws_siteviews` DISABLE KEYS */;
REPLACE INTO `ws_siteviews` (`siteviews_id`, `siteviews_date`, `siteviews_users`, `siteviews_views`, `siteviews_pages`) VALUES
	(1, '2015-09-02', 2, 8, 45),
	(2, '2015-09-03', 1, 1, 20),
	(3, '2015-09-05', 2, 2, 135),
	(4, '2015-09-06', 1, 1, 59),
	(5, '2015-09-07', 2, 2, 117),
	(6, '2015-09-09', 1, 1, 2),
	(7, '2015-11-06', 1, 1, 21),
	(8, '2015-11-14', 4, 4, 22),
	(9, '2015-11-22', 1, 1, 3),
	(10, '2015-11-25', 2, 2, 2),
	(11, '2015-11-26', 1, 1, 34);
/*!40000 ALTER TABLE `ws_siteviews` ENABLE KEYS */;


-- Copiando estrutura para tabela _rolnews_2015.ws_siteviews_agent
DROP TABLE IF EXISTS `ws_siteviews_agent`;
CREATE TABLE IF NOT EXISTS `ws_siteviews_agent` (
  `agent_id` int(11) NOT NULL AUTO_INCREMENT,
  `agent_name` varchar(255) CHARACTER SET latin1 NOT NULL,
  `agent_views` decimal(10,0) NOT NULL,
  PRIMARY KEY (`agent_id`),
  KEY `idx_1` (`agent_name`)
) ENGINE=InnoDB AUTO_INCREMENT=4 DEFAULT CHARSET=utf8;

-- Copiando dados para a tabela _rolnews_2015.ws_siteviews_agent: ~3 rows (aproximadamente)
/*!40000 ALTER TABLE `ws_siteviews_agent` DISABLE KEYS */;
REPLACE INTO `ws_siteviews_agent` (`agent_id`, `agent_name`, `agent_views`) VALUES
	(1, 'Firefox', 2),
	(2, 'Chrome', 15),
	(3, 'Outros', 1);
/*!40000 ALTER TABLE `ws_siteviews_agent` ENABLE KEYS */;


-- Copiando estrutura para tabela _rolnews_2015.ws_siteviews_online
DROP TABLE IF EXISTS `ws_siteviews_online`;
CREATE TABLE IF NOT EXISTS `ws_siteviews_online` (
  `online_id` int(11) NOT NULL AUTO_INCREMENT,
  `online_session` varchar(255) CHARACTER SET latin1 NOT NULL,
  `online_startview` timestamp NOT NULL DEFAULT CURRENT_TIMESTAMP,
  `online_endview` timestamp NOT NULL DEFAULT '0000-00-00 00:00:00',
  `online_ip` varchar(255) CHARACTER SET latin1 NOT NULL,
  `online_url` varchar(255) CHARACTER SET latin1 NOT NULL,
  `online_agent` varchar(255) CHARACTER SET latin1 NOT NULL,
  `agent_name` varchar(255) DEFAULT NULL,
  PRIMARY KEY (`online_id`)
) ENGINE=InnoDB AUTO_INCREMENT=27 DEFAULT CHARSET=utf8;

-- Copiando dados para a tabela _rolnews_2015.ws_siteviews_online: ~1 rows (aproximadamente)
/*!40000 ALTER TABLE `ws_siteviews_online` DISABLE KEYS */;
REPLACE INTO `ws_siteviews_online` (`online_id`, `online_session`, `online_startview`, `online_endview`, `online_ip`, `online_url`, `online_agent`, `agent_name`) VALUES
	(26, '26a1tfkvt7q576ad4u1v4hat86', '2015-11-26 21:41:53', '2015-11-26 23:25:13', '::1', '/servidor/rolnews/2015/', 'Mozilla/5.0 (Windows NT 10.0; WOW64) AppleWebKit/537.36 (KHTML, like Gecko) Chrome/46.0.2490.86 Safari/537.36', 'Chrome');
/*!40000 ALTER TABLE `ws_siteviews_online` ENABLE KEYS */;
/*!40101 SET SQL_MODE=IFNULL(@OLD_SQL_MODE, '') */;
/*!40014 SET FOREIGN_KEY_CHECKS=IF(@OLD_FOREIGN_KEY_CHECKS IS NULL, 1, @OLD_FOREIGN_KEY_CHECKS) */;
/*!40101 SET CHARACTER_SET_CLIENT=@OLD_CHARACTER_SET_CLIENT */;
